0,1,2,3,4,5,6,7,8,9,10,11,12,13,14,15,16,17,18,19,20,21,22,23,24,25,26,27,28,29,30,31,32,33,34,35
49882.224084409936,49930.53249276005,50098.71543257229,49908.207945239024,50296.58338643799,50445.69782537592,49902.12403728527,49843.7084176378,50056.289253751995,50414.68336289948,50191.659679228294,50274.520215148055,50314.50409128265,50194.59398681187,50139.0955604046,50233.094465209026,50159.214059661535,50400.09678855891,50048.249802900435,50125.995579264985,50203.057495817826,50714.02755957935,50423.999138479056,50500.28691592779,50303.16363312987,50091.88623837075,50118.12429610521,49983.257856966135,50323.23181719671,50686.7475670033,50462.707841712414,50275.15247312055,50373.42055353608,50802.75788120646,50715.46594173577,50251.39174915389
49689.85909414987,49866.99335753811,50233.734720307606,49780.47313499099,50128.640611404575,50326.43240378032,49817.8581461194,49902.423654812774,50272.57560524149,50417.739903609385,50266.03752803756,49975.76213744435,50094.89496399206,49760.9373185734,50288.28890838394,50022.58764126484,50201.6232368001,50341.49374697431,49906.23996193423,49998.341506163364,50421.08990741423,50779.60705199477,50547.41473225941,50115.89684709907,50409.950017981995,50222.04343204048,50320.82259503964,50008.82343029344,50368.861364623604,50400.28514526782,50160.26535671767,50075.79692132798,50682.637612452796,50527.18410455883,50671.19588877345,50206.53603330207
49949.24162714754,49936.772984466064,49647.39084478305,49727.96157563721,50187.914993477374,50275.66460386183,49999.85072145895,49779.09097393273,50068.09781855737,50287.04375561131,50221.33308959629,50352.19519395437,50250.81186155724,50064.99659580366,50267.05347541086,49847.5669561733,50113.44873860923,50482.387290619954,50106.08130359958,50154.29621142286,50325.87751878289,50414.213014550216,50584.71586059429,50193.91598681441,50199.72905181294,50172.50329601444,50238.26081480349,49848.9345063608,50277.31253330376,50469.21002145878,50505.9186786207,50268.607433080615,50676.60362432712,50779.231639018544,50515.85436863159,50270.558121994145
49866.55560580765,49936.89318179484,50115.02025153294,50012.413882150395,50145.06283648747,50420.02698480248,50000.44087705376,49875.70466733814,50020.852568837734,50249.27577278753,50243.912944661184,50080.56675828176,50125.86308351429,50138.47596706693,50338.76177141565,49943.20406941396,49798.12790100054,49842.3202850594,50093.10519774527,50156.035841754005,50386.037738302926,50637.465322767435,50478.40255458425,50192.12772340485,50119.73877348863,50173.57507106087,50316.815964561814,49908.5126822926,50418.80165465026,50512.948802668616,50442.92563633671,50195.01423999794,50753.872865253936,50639.573773816155,50523.936048039526,50258.71708816448
49988.24135928683,49934.94763345989,49975.73886153695,49949.95457589264,50208.73331145791,50553.56709710995,49818.072928117654,49554.687876467535,50146.98164860029,50358.97574364767,50116.10606905937,50199.311183517275,50049.543445162024,49907.97564833981,50233.77764807164,49805.43049571453,49995.23551516653,50367.04260278747,49997.4922817381,49925.14103071105,49900.961555746544,50613.589253123384,50496.487857052045,50211.090921774456,50268.49316349482,50090.9350962992,50065.83137661115,49830.126382778806,50219.39494409325,50660.38734384821,49984.46059913135,50084.21560315751,50526.46430287553,50715.48381393178,50735.886892074945,50146.8214081897
49919.16655233954,49786.444985347436,49969.109534788906,49661.6399653341,49998.7610006091,50454.609408528086,49931.99609418609,49744.97828240505,50147.369878249,50325.73835711406,50202.95665868115,50020.6042588108,50248.71954377972,50107.63371876113,50114.69308853828,49749.60746372563,50164.00337465107,50370.27566998909,50037.773606656774,50068.26555574792,50281.85056195373,50591.26265176179,50544.84394771175,50258.47689663904,50489.8264043166,50021.49163512018,50079.44206442314,49852.10241049676,50331.28642879192,50515.406256330214,50331.00474245744,50281.52589356249,50679.996118687595,50735.43221815169,50654.549700814256,50181.55805678423
49721.85905031115,49913.00349200306,50035.21117433138,49777.36741470611,50271.732732757904,50448.19725815896,49822.34706271165,49701.299073678354,50023.3858948819,50413.82459828982,50294.017209708916,49905.29913088391,50190.09419153937,50168.660365112846,50090.13953353679,49982.36342846725,50128.74098770463,50381.750487151374,50075.65584392543,49996.17390633055,50385.91131869708,50444.36941412685,50609.62081323217,50217.181045784855,50216.23758667635,50168.24240509715,50189.5087040889,50000.38819502896,50543.019472520224,50605.01305861651,50051.91172197014,50239.39326279163,50589.27849951783,50660.320156904156,50468.79270490074,50180.623649785266
49832.54998170679,49954.24710235056,50123.436130528666,50049.60413973931,50076.24676609562,50230.756506212245,50269.53170319883,49528.05433222029,50087.654586539444,50322.404946250266,50209.00912535008,49921.84493764787,50075.067845667385,50132.10583937424,50287.55545601943,50040.93007791646,50328.21552181887,50349.7054117483,49953.35930551137,49685.81230291558,50453.21037766988,50627.21369120656,50665.50874718178,50202.04566462981,50166.259804413894,50101.477681933604,50396.90870907727,49891.88118811311,50264.07250563027,50455.681944506265,50158.69525557506,50106.045923218946,50581.49066820071,50840.89253831407,50689.87994500285,50223.61381918432
49879.31447247093,49820.39452079438,50074.49699044798,50077.16168828663,50151.42170074119,50304.64306623119,50134.55868570076,49802.16303967361,50101.42275480836,50354.28009074221,50249.0091294014,50060.899712202016,49955.288599762156,50038.54061923389,50327.712000882224,49853.96754891976,50112.87608657596,50435.89155137246,50599.57288562837,50057.157485514486,50414.472143783845,50688.92576019967,50495.138464597796,50167.95731002278,50028.271092012,50062.982039982555,50187.352407256505,50040.5381997312,50365.17977257564,50432.27804541122,50360.19490197408,50222.9620650914,50456.7270937825,50824.499945544194,50581.717187503586,50256.707617960936
49842.808956384964,49800.10985465027,50214.083285469766,49759.90810942343,50234.55506240943,50117.382016068426,49821.09707087625,49915.06483128338,50219.71987098031,50295.41631392867,50289.555022891196,49935.149253695374,50275.95737188526,50058.60089314644,50657.46949302567,49935.99769394954,50226.835292887605,50211.83543647758,50056.247204866995,50057.34229103625,50472.45972803489,50764.1308206161,50666.958080983146,50121.78916661402,50070.13651710356,50157.46691430682,50079.382454404775,50047.996941023644,50372.8396469675,50221.64628538145,50393.375979915945,50367.79570170283,50796.98933646118,50793.254578448956,50635.00663563968,50173.35283011183
49905.71047430017,49929.46979815436,50023.52391617517,49888.091232049526,50182.37390071955,50397.55322187881,49921.28911142047,49850.04573776652,50128.55427319527,50482.95328020522,50128.57020627784,50026.70609011633,50078.164703303824,50108.82651930824,50180.04054676651,49999.09017488896,50035.64683324168,50276.190066187766,50063.62514485099,50087.22735354611,50429.19513722457,50709.70517070574,50545.90276988552,50241.2375754232,50209.63749851968,50175.01820855846,50776.92865199089,50114.47843371703,50177.15746069498,50517.48143868618,50224.18773131882,50023.27480664249,50594.89078579384,50888.10901083886,50573.68406353273,50014.30812385206
49913.82711150633,50002.09160735043,50093.53475860517,49698.81601458617,50364.53837739219,50134.33767065852,50139.97409525392,49811.893677390006,49996.784657770455,50408.98322913276,50284.28087732443,50121.280702950244,50133.05072363694,50131.22306914381,50067.368863030766,49887.73925881197,50222.986554830146,50251.656369621815,50128.85934165191,50119.83673167848,49955.62511588653,50756.4813943137,50691.490879477795,50446.346683664575,49892.5618562066,50104.67020024932,50166.59321633998,49796.5969014233,50224.105370628095,50542.99226777231,50386.32745784686,50202.11904027861,50411.812809704934,50663.664962596544,50610.23471738404,50401.00194746747
49990.29328726564,49780.19658780855,50100.42979975143,49783.88858998056,50202.903165862335,50662.31273917696,49894.04439804021,49827.65245862855,49972.591922862535,50415.420533101,50303.93538198402,50029.9245316736,50411.54456141327,50137.50986332367,50127.46680614499,49688.24609743642,50195.23132134003,50442.156444986045,50196.55925364224,49754.294211891785,50236.123623164465,50665.25488470136,50653.512540840384,50256.884474325176,50352.61594734229,50246.91558641752,50145.609228457404,49963.36375967845,50236.285259884164,50726.614337110404,50378.65940979373,50268.783121739136,50628.05882535087,50678.16748828848,50602.338630298626,50243.51547505518
49821.687266346285,49784.71549340371,50151.92334599024,50197.77913857408,50272.78653644579,50446.545173178594,50177.7196406297,49676.83263186675,50104.87724394402,50455.30197176312,50293.49776238499,49816.54993730143,50078.91723516236,49907.968685673346,50175.615818412894,49858.85457464835,50261.75373823345,50427.27612588991,49909.01825297175,49999.28760660713,50816.66958991287,50710.561802766904,50675.10384775559,50278.63831325804,50147.857283167454,50018.79039882239,50074.14444481729,49875.09332972346,50318.65579579289,50588.33280381883,50231.75151111439,50291.337888005575,50648.79471689138,50813.04667126279,50678.467219906976,50268.77654929776
50006.79852721267,50084.791301442485,50056.50855286828,49684.52532492604,50282.640158573995,50392.36930963746,50011.80843493636,49641.95430841611,50397.393436003615,50347.18318367351,50016.21742214704,50079.11185103386,50139.52801056256,50194.03322198003,50136.75261877751,49928.268231635426,50123.7541457361,50318.52933948215,50011.12937125684,50078.09858026105,50367.776453102255,50823.30760814146,50734.322489816965,50177.3839615325,50161.33672959472,50121.877752723376,50331.87492501537,49969.07202587253,50213.37310878779,50399.63335272666,50199.30969938679,50323.28792869543,50546.658891945546,50721.12662545865,50508.541325625774,50167.05311338595
49876.095327778894,49791.690007788995,50098.69208919401,49801.50362343155,50029.11695251915,50247.92392080414,50078.98646692119,49983.66358411696,50080.85734815577,50253.85161905876,50004.491377563194,50557.49248541483,50386.893356526445,50096.26041344984,50137.39504291416,49773.432481241995,50138.52477025467,50411.91135963508,50228.42629011107,50113.8643887652,50356.97121036384,50667.45073413994,50417.91483383986,50218.20173196772,50309.14595901198,50065.56376539963,50066.12369377901,49787.290667975816,50109.01940818046,50709.54996550755,50520.812560518585,50162.83465932079,50509.142750475046,50844.067265304264,50697.00007813008,50367.50120724109
49596.67677914653,50047.70882126849,50100.74318997914,50115.88119843515,50174.623073975665,50272.98481677698,49963.34395592531,49731.647173435405,50114.29693110745,50439.416806075824,50330.7460934736,49907.46397195618,49864.42546570086,50271.62671228249,50395.503423606606,49882.83163824085,50179.16489508865,50237.38405852382,49884.31335958412,49977.36706767509,50331.589090000416,50703.81736087442,50370.250243400544,50094.69519409298,50270.97213890862,50234.44002330741,50215.190967483526,49993.72099441736,50131.795607062944,50127.667094441065,50221.68023742567,50228.44720401317,50463.323359638205,50827.436271837956,50515.77363194986,50137.707447976376
49929.635032919825,49624.12630355564,50110.21328777943,49765.466027138325,50447.13477100939,50347.989885975374,50063.14322384309,49703.169733872775,50093.616452020775,50176.624473681295,50347.83828499197,49908.56045923884,49996.77132608001,50016.59748999185,50190.95148009058,49957.74648520386,50390.088069096266,50416.7534148265,50137.138306424575,49952.47650584792,50305.73997540778,50690.45964286222,50331.8824617963,50036.63875723729,50217.155205401454,50102.30084711678,50349.78204539475,49819.59438906787,50268.28360225933,50778.361296955976,50273.77387010743,49945.379583681424,50783.9495638555,50825.469937704336,50836.9905067097,50110.839152521476
50015.669751795394,49958.74467703686,50056.632721033384,49785.44467121789,50122.8889467003,50271.329438860885,50067.80237842291,49997.06205196706,49888.67411102202,50118.66411060386,50326.25678839919,50256.04757825188,50233.30149920629,50069.91069367348,50216.687484546674,49832.828973953045,50146.68771455648,50524.72381097596,50308.18150681165,49975.264344346106,50415.10177345398,50480.80152953893,50510.55538989504,49878.22946892202,50485.26809645927,50236.923200501406,50163.882624172824,49906.282967783925,50138.91292118461,50437.26726240508,50481.93365771783,50211.335848147544,50691.54382501034,51014.8543103175,50622.100359360404,50322.15532079543
49874.630949163424,49872.5305266259,50082.951587975134,49632.461357389824,50146.02506613899,50219.200011960405,49986.63659720214,49850.83226949229,50042.68005438071,50312.280373224916,50067.675263954916,49908.30802930723,50101.46309841559,50189.03642338987,50166.75592250838,49864.9325101762,50070.42098122832,50389.46173962996,50070.40501522919,50160.12999671383,50626.8879699159,50633.1579186726,50499.07117994309,50270.82590671395,50315.94094697877,50296.72974851246,50043.30234856538,49816.44885857569,50189.43917111937,50532.33684343818,50378.42382054225,50257.4859573183,50542.497563892655,50801.755049039566,50570.792624451664,50223.63303358742
49737.72498827198,49954.608811617254,49931.97651094752,49856.77534258323,50263.67982834216,50274.27780052677,50032.68150946478,49677.04651477003,49881.594159857304,50336.702951055064,50306.157375893046,50074.63987404496,50292.109484028995,50253.025416278586,50013.913794712236,49885.05913002118,50532.21552132595,50414.555352551666,49965.3847947656,49766.7172868678,50242.14957346484,50644.100676567774,51075.793424603304,50236.55080646179,50149.66429008116,50205.33108753963,50252.71352844645,49845.75261376832,50339.612262555514,50723.05300640904,50480.18689675146,50267.82680512748,50546.532205733456,50933.48481800149,50657.7595635145,50107.53657279872
49969.18056765388,49971.03539486,50010.039845643376,49776.96119036888,50011.407337031764,50206.71044617745,50098.57021923084,49810.47166533907,50241.70454816305,50160.48057931064,49764.974576754976,50049.802479362574,50119.324992583126,50082.79675170358,50301.67083379821,49819.63774798482,50295.843484365796,50157.93753426,50191.48741757505,50009.59966955764,50252.898323962465,50494.424984516016,50707.42301407845,50904.17416879608,50145.564031956084,50261.03015788416,50200.43470720478,49841.74055224044,49994.6048299743,50583.26379541677,50250.98181241305,50319.579717558736,50588.26839283157,50731.771321616034,50544.935313432885,50505.61635343447
49662.830958907405,49907.534857496525,49962.97724905966,49758.07063156412,50288.381687346686,50376.06508482431,50032.99923012392,49832.36015818312,50125.11409020667,50347.68769264076,50106.82480522897,50128.67342147393,50292.90806754269,50184.112868722186,50095.16558705808,49847.82596248705,49792.46858264293,50345.65435179707,49953.441168185316,49898.97353514828,50326.97586894976,50416.260911982085,50310.290180382326,50188.11961886507,50511.385130026254,50049.893861765864,50277.90745589799,49491.35705899826,50287.74811000095,50727.6554324466,50399.75504293011,50330.89283767833,50530.144563288704,50751.62845230454,50694.65629208657,50246.2311099913
49859.70145113993,49989.128946067496,49890.81298306118,49695.33909554232,50043.42896408245,50077.46136070966,49861.0780458831,49649.85386305963,50039.822010368895,50397.76416943944,50470.56312664482,50116.30084895019,50010.01763656525,50044.86026550194,49942.181332262,50057.871636650314,50048.22452840608,50562.29206188155,50276.029389338335,49806.94061905435,50476.49117618983,50562.812502908535,50426.32202812397,50261.11957958041,50440.31072461826,49968.6363232888,50170.40199640297,50015.74624163663,50239.570591348805,50397.38685661434,50402.87539449249,50085.73253013254,50597.52264230038,50767.92358663862,50683.3304233708,50319.76713064202
49975.66403771738,50116.18890384914,50165.60119546054,49738.85557430383,50067.93737721734,50298.46397308242,50011.45828514912,49892.63277180593,50000.10779799407,50264.363052140354,50315.88697084875,49904.833721988725,50205.19634840433,50168.17133501531,50082.698379756446,49475.22849280469,50103.446308528844,50502.86326271978,50100.90403436519,49812.59627247925,50328.61419638237,50486.15691874412,50432.94141377539,50285.33260884806,50280.909357425706,50158.532974409245,50330.73587285665,49715.12783360232,50187.11402300659,50639.54879638929,50131.06012751632,50429.053510547696,50490.205031820806,50868.31246321691,50483.735018348925,50183.92997495849
49897.521327172246,50009.935039085445,50143.004196305366,49792.274514632045,50101.961902540876,50663.43667110497,50100.61067785482,49931.57870630609,50079.33823882328,50133.741729575515,50278.13999301656,50109.95070722435,50150.613047807674,49948.02044115118,49973.21599714361,49799.37082544548,50067.66478281152,50241.25774882484,49940.676929597736,50090.31235689947,50330.65486757562,50614.079366482496,50163.21612927484,50176.93951686317,50431.20221224558,50207.686008116005,50046.13681363662,49952.83152773314,50114.5441186613,50584.42194177284,50452.343096355755,50184.98528366553,50461.45012568709,50852.906154043056,50567.378494309996,50073.38956070107
49934.35554878782,49856.121865340305,49992.45621414185,49787.56711420426,50243.64135816745,50399.667713586925,50080.92964937889,49883.93764702357,49941.9634251071,50262.668128903635,50307.91002877959,49980.875790372644,50141.30997600078,50152.641467345224,50112.817545016806,49741.93769480654,50170.538995253184,50511.17563158279,50134.99377118732,50444.19754519066,50309.089359159814,50494.26087858914,50291.50459171067,50203.42275076348,50049.31671569218,50104.897129886915,50380.53208630297,49794.251303648605,50339.70184564894,50594.85317801067,50573.62942121462,50382.72628024686,50478.92770628114,50770.46274945701,50567.801562723216,50397.696738871506
49927.42286906262,50008.01439138768,49936.2115559817,49748.53026174748,50141.83917208525,50370.011165898206,50325.15526563098,49953.68907323363,50118.76648966494,50185.9527108704,50248.329560457605,50192.581048004424,50044.97742403251,50259.127991336936,50348.12929026695,49671.724775736235,50078.51907606573,50577.76800036087,50047.34783554841,49874.644062085536,50392.80269583577,50614.51632839951,50360.26189272444,50009.41972877944,50184.449859425265,50177.50279451456,50271.35934467546,49771.84162813611,50210.148891421595,50677.29185790487,50482.678313907636,50104.13781607617,50451.55573071712,50588.77899206807,50636.11944413391,50424.36650071255
49843.355363586496,49858.353276966576,50052.04595118925,49759.60975217812,50230.224405764515,50387.381751266206,50144.76037928961,49831.11754837865,50119.558570417226,50386.4570073541,50417.91446731154,49587.10793454138,49988.736336248614,49935.64901453146,50133.47578638379,49976.996032741525,50235.77963216496,50249.18355654934,50323.75021148962,49790.07814116499,50232.304253399314,50694.3928010119,50724.74264109179,50045.950894183276,50193.56764220432,50127.872146131165,50250.54624195234,49961.75907050045,50268.45002375124,50359.13644582278,50394.23635245649,50144.886511326076,50546.49817281502,50697.77722661705,50457.713203892294,50375.601935460814
50017.72849315799,49767.63470208828,50188.26951196249,49596.48074570399,50036.14502714792,50422.577629163854,50054.91759893648,49833.471302849626,50004.45488849721,50253.80670774749,50325.650108426875,49918.05635820471,50012.185347708575,50309.899266487744,50193.88339261356,49868.35708659509,50124.97004772703,50379.305265698815,50305.93242044484,49868.62429562067,50502.80992045783,50746.75196854577,50303.861342264565,50172.09107086855,50406.34597921231,50116.310072043554,50248.43601992564,49907.38501352925,50200.47197789675,50530.050319073205,50461.28051333733,50186.440056217565,50862.343921646716,50542.07386930879,50496.62566985531,50234.273663480286
49922.759347820036,49966.03459458375,50249.691734266395,49879.179321877906,49975.107714457954,50138.60343563301,50014.75089372885,49801.86460221692,50293.89367670602,50441.537068078185,50219.35755398035,49865.59314423861,50154.071784423155,50122.68526724391,50279.53367326593,50031.46452233119,50079.451760065276,50283.97637068084,50291.64100413365,50098.73420354023,50587.64104784136,50645.94873322126,50378.96025606586,50168.283505549014,50293.69180470866,50303.88014687199,50187.62784362435,50029.574722344536,50286.662755810095,50492.07893369748,50337.275188126274,50329.18937895526,50865.893726708106,50623.455461130776,50600.932883678455,50103.72904523778
49870.52740840216,50022.93848633531,50365.42063596091,49797.650358100225,50034.22619732351,50289.23084702465,49812.217000243436,50003.07368793614,50265.35005765748,50290.79191214266,50229.64647376302,50077.11713231375,50031.71176396811,50250.076238082365,50280.79276846882,50118.57000770897,49988.45564394303,50398.19656078493,50041.25624274602,49987.99187713856,50060.717105885524,50579.45060424527,50315.25463003446,50128.73731524549,50252.70613066399,50282.49481307767,50037.08795833146,50095.868356699626,50151.82102947339,50629.073845758714,50356.751483165455,50463.02607057703,50707.94655155445,50725.79167752301,50587.38258202994,50210.37955704965
49846.43755587057,49976.348224761496,50090.497105794224,49972.100534456236,50189.25225704043,50401.61860525289,49887.39632598218,49885.71375375693,49982.4092070213,50625.343656805926,50183.36093442542,50155.54309323947,50155.444610110964,49956.45492288639,50110.71756678764,49842.82726310054,50581.72548167882,50352.300973026504,50015.81673894884,49994.58552007713,50404.981423506215,50692.78648423328,50540.78706213133,50031.67834488088,50210.45273988638,50075.90614255487,50239.46286762422,49854.51252805906,50058.372502122314,50484.179977413514,50310.767758096415,50342.09350825004,50601.009333486465,50864.94951515229,50629.86699296913,50260.67438689255
49961.55969877133,50039.25497929521,50089.55602347442,49820.41339865615,50118.01162780019,50333.99015743768,49918.44989975145,49786.03103943355,50265.898170413064,50353.33935265637,50247.65891336157,50158.357825116,50055.84461387998,50164.39201317992,50354.89385328463,49633.78786642499,50006.985867834264,50261.69794239008,50131.25479365695,50285.622813951784,50349.62262306971,50579.120761805396,50378.28662622425,50138.82898629851,50176.40440977353,50187.915530591425,50319.88122022464,49908.66169196815,50147.52649833097,50651.87422841148,50663.80021736233,50580.65665509053,50539.840384103496,50817.32266026928,50630.27073242881,50131.214882463326
49980.56503456588,49951.01877669695,50110.47652556687,49809.568285392175,49884.925232361216,50046.41407831091,49974.95601219776,49986.57841122389,50170.241019984824,50529.476039167945,50150.63983840121,50220.43837622482,50031.18302339697,50055.96347626659,50346.03437313091,49888.6817116023,50155.244573512704,50271.80059018844,50172.88671704531,50109.127628844726,50212.09953886339,50678.55993400866,50465.2471261984,49988.401289521054,50260.66556153755,50391.45494527306,50293.892803204515,49707.73231416479,50113.94578664917,50404.048420195,50229.09896298766,50224.406019356815,50682.27555521033,50786.36538944547,50509.30944873595,50171.5304016656
49755.50106050747,49903.502277289204,50046.02767250799,49870.541088383,50066.95379235126,50298.24598045133,49992.37101880343,49649.707873146246,50214.82067088362,50558.69647320907,50341.37987071275,50266.2758005318,50099.19820393866,50081.41008293681,50207.15898666767,50076.14019644169,50277.469527537476,50355.88911380033,50079.87493439229,49979.47350096861,50585.97895642993,50569.08166317411,50527.085308997746,50132.60447089852,50180.26315755144,50087.62015693798,50105.2447831282,50071.14421785175,50234.992492821446,50519.531324039446,50268.06755290299,50168.66415019306,50490.84948311573,51275.90639933669,50757.86339236623,50134.497731622054
49996.697795400185,50064.80327401334,50132.74690052146,49310.120274851266,50127.741517278,50203.762808857624,49802.0756956278,49949.23139696654,50174.61620387693,50456.14609369945,50110.071985323986,49738.11401942999,50197.35963791721,50110.07043020716,50315.10461230822,49816.94769139309,50048.162230386166,50132.54488890225,50327.03819630923,49967.18345735888,50361.05917043183,50514.01090125349,50487.573834445786,50168.17069725201,50088.76178605564,50209.4125718732,50269.73776598761,49859.16323216731,50590.717612205364,50495.02567795556,50330.19738546673,50356.42394215263,50556.39103502587,51042.44509900821,50490.50382049874,50106.76672951508
49806.40557610768,50046.6129394002,50448.2858157076,49855.28874779845,50026.068553717276,50190.11388592938,49980.81401480101,49888.09691506646,50200.46088617122,50622.3482575618,50050.9000009129,49949.04297072893,49968.7711861785,50077.486219961225,50304.813419718215,49892.503365057055,49971.589361108614,50390.389013053784,50021.961287917526,50074.537414370396,50349.913433449496,50715.86522903307,50649.68103724857,50237.124450012656,50363.86737004571,50104.981317276244,50213.294562573334,49759.65861743413,50186.57869738311,50292.00620098606,50266.145241827275,50278.71624979835,50556.04529745657,50710.33091218695,50717.08996682981,50129.18207644969
49905.86628657489,49955.08171135815,50155.31351873026,49773.93272996693,50146.360831636666,50148.93369013709,50050.24374456566,49863.659722548735,50219.42731172357,50027.67901470862,50279.471578328696,49917.0965294664,50089.32433211633,50103.539862988764,50145.49175266213,49739.74904550026,50057.882106868194,50308.15948596813,50153.175774834264,50248.08171268356,50348.309983810585,50515.07766477254,50257.20097543345,50044.19546982769,50183.35268887378,50191.85613362649,50388.8885777575,49808.096223825356,50069.55896619622,50352.742284816275,50469.95246490674,50169.4800599852,50545.34946185538,50847.06561248404,50394.00818125249,50173.20088155593
50061.75750368576,49632.50662110964,50180.283093735525,49860.286566149996,50035.3900096183,50353.382934664776,50132.92038689537,49839.42004781241,50232.43514250109,50410.3568175226,50241.130713485916,49966.1347463622,50260.09188915236,50268.0039255995,50343.21278982049,49858.051037708035,49998.61210376922,50179.51587536052,49900.88636866404,50060.10877638804,50455.22044884089,50743.57220300257,50443.93184421403,50446.24927394765,50330.89966481022,50029.675906467135,50274.48601955045,49940.79803487481,50256.41722304248,50530.66677775515,50152.64751147663,50313.93134411841,50598.512499267184,50888.25805633619,50479.760552504384,50161.80728984197
49936.74863120537,49893.46302247139,49948.209729947586,49766.99614562696,50017.36384240128,50315.29955924903,49965.70728047981,49810.851412874836,49943.12727235468,50336.7488488158,50229.870320862814,49881.493544021,50174.03911682132,49808.60289080624,50182.56480126018,49979.901985979996,50045.25361634367,50478.62721631949,50335.40434289239,49969.25353698477,50599.07563814511,50558.26578637868,50646.86321152572,50319.2764831936,50143.8056977955,50297.4755087157,50122.799092453235,49845.72693853529,50284.12778736487,50612.98545935391,50493.94014490457,50106.21915860207,50506.06942321232,50857.44818738642,50747.46442697534,50188.15204153478
49869.107471777235,50195.34715275043,50605.70377940509,49719.886953837995,50101.90876006164,50271.768058529065,50091.70906239694,49806.588354891566,50285.02124976789,50256.260004792704,50288.28934607789,49903.51498031018,50013.28332746259,50185.505961642426,50251.541044418824,49942.79167165242,50110.49825094283,50269.33316848228,50068.684961093306,50029.64520595016,50317.974419946644,50541.152616748586,50583.54187200811,50132.368201019264,50153.39203588296,50111.33406413506,50058.82119111536,49866.88363632148,50167.43517660697,50523.74339228217,50421.1293004532,50306.06145375476,50685.388661891026,50675.4241048104,50595.033781322636,50245.464772751104
49981.46203606357,50031.75370487165,50102.24374098522,49918.629273495564,50222.52386991185,50446.21174685793,50051.66341603251,49788.66323155756,50123.28030035254,50135.13388694423,50311.664486681315,50148.341245920994,49942.827470179705,50087.05148022978,50101.03270133087,49967.67462281048,50325.7690453586,50187.03877337613,50167.14024875472,49828.06370898814,50437.58639065589,50696.99777861251,50795.01992080045,50276.520637708316,50157.71441846416,49980.953761222736,50179.13340497739,49844.70694217017,50283.362328733136,50571.83004124805,50278.17643572883,50052.654913038095,50515.31181269053,50939.613593838265,50705.77530505063,49843.64499230944
49876.795809838084,49870.05495915801,50167.790951995434,49886.3169306807,49602.906153188735,50342.079974829576,50011.21488023272,49764.172910280366,50190.26851109914,50455.57384604223,50313.85830578463,50117.234688655866,50197.69325782126,50134.675644622585,50211.99632276206,50004.412027091654,50008.92701833031,50436.00158505665,50171.31600146348,50046.760346410374,50170.771330908035,50750.41925600697,50429.36254537931,50086.70407723474,50316.88569614279,50042.32888340961,50338.61634861168,49904.097876070075,50268.43428101347,50555.894907991926,50428.59983047464,50479.52251217066,50571.84290521685,50603.33491954433,50700.01520887798,49616.630341181306
49699.16812812545,49926.83533958395,50085.479285255664,49751.57289919952,50093.06239474857,50544.44151417986,50073.42135199056,49775.3912677376,50133.998692078305,50208.72219209718,49947.48258902097,50062.85795324012,50001.76830539443,50246.16410957213,50324.49388760433,49696.73329373769,50269.068847640614,50367.39746199008,49981.83517123666,49949.84842648358,50175.89290026973,50614.50365194856,50572.40943113611,50221.476177217715,50294.078946245674,50268.46255043241,50140.500452752975,50121.79007575055,50084.48389730006,50770.26243681557,50396.6347193813,50352.80871112333,50358.58970949714,50647.151622379744,50701.08186285819,50265.6226328918
49925.93022216285,49909.86298870903,50244.16090725522,49842.45033323242,50263.47242408576,50034.52804981751,49829.672730005805,49642.913025144284,50233.71925894172,50421.32940891247,50308.63372219965,49903.9672920808,50201.55974514831,50160.07431329709,50433.43997051082,50032.42389068243,50111.45417079596,50205.23200544453,49955.69686265122,50098.2043948915,50344.24710683688,50533.52970271315,50529.035737172344,50271.61879466245,49993.46748320175,50114.7888088046,50365.731937343204,49931.61451419161,50338.50784390428,50470.840622046264,50317.27989359242,50171.43077504817,50556.76095989775,50688.429942177594,50724.952486675844,50154.06849265615
50083.400749421075,50060.95790160087,50305.56120233433,49676.66596651297,49937.969451362296,50156.8873491432,50158.78856095766,49742.69906329607,50127.83339875888,50324.78176665428,50203.26429910927,50055.973671903106,50084.21340494617,50297.20409418824,50185.412227366854,49919.12989716805,50013.28228367334,50379.61664396475,50137.64041091273,50083.33829588929,50428.299086909814,50775.47732881065,50502.991273246545,50178.47831842798,50301.42140606216,50184.55861021489,50201.24686306392,49861.38099957386,50397.865903421705,50586.72440815392,50426.54224499619,50471.50699294388,50657.49510437212,50752.16993069595,50539.72922933041,50062.29218350272
49845.56464697299,50058.68556383313,50247.67252538825,49848.45084988609,49912.24579519606,50301.11089420644,49875.138144385965,49658.05062926251,50306.405771940445,50350.41239782549,50225.99919391665,49992.380217448845,50174.42060610967,49980.44834146237,50078.59525420083,49981.00258201004,50134.96184497728,50226.655671760695,50015.99560079619,49937.32563037538,50282.82431931485,50618.25551265491,50299.81702992763,50192.715811565984,50369.3258751809,50124.70528561925,50329.7445252141,49864.930997627394,50054.31096504019,50403.03452666032,50326.41824324777,50292.73682761641,50573.553047599344,50970.74081678944,50459.7957995916,49876.939629283814
50071.51210969484,49810.363420230555,50109.604795347375,49852.68973011912,50331.426464416334,50385.70117216572,49945.90076653741,49795.32190704604,49956.922157820765,50332.63834968105,50364.22739013241,50032.47579687628,49992.73440671824,50198.53862827499,50124.72357840869,50002.72667111406,50160.65720325798,50289.14907982768,50139.38446201087,49956.985439180324,50211.70366964035,50418.74644919528,50545.68084201356,50220.58925953588,50065.126643618154,50007.48825358531,50236.520707817916,49892.9765842885,49729.25906074748,50402.72163089172,50340.91628512174,50029.113501838205,50497.24102268121,50923.429676224136,50586.08348685043,50417.15749866374
49923.96582515159,49811.59909835456,49618.58803194738,49810.30927284375,50202.79937325698,50338.02104809123,49910.58737196617,49837.26395144895,50264.80386946631,50364.036551639845,50392.83537504834,49967.63466171813,50242.30488274415,50038.68271473326,50042.01613684221,49885.96214599292,50124.08322101489,50451.73644047735,50100.04939471206,49790.330773771624,50354.515509669654,50500.87838326598,50475.69007879824,50241.44153131413,50430.10678716141,50165.10827858673,50027.323183561646,49895.87160491848,50188.18517744324,50578.16305676306,50197.28657251692,50068.777498813295,50552.15806663603,50744.47680479198,50685.616882966395,50444.6276885093
49815.43010275659,49994.17936591865,50153.68739217687,49835.61908419705,50210.80719431321,50489.11072319528,49959.8709066454,49878.689662244185,50099.02210795613,50375.29985987407,50254.41748944501,50012.19810883098,49989.50114123666,50296.527666937225,50309.946607042526,49694.261710446604,50009.45345944757,50436.37837674805,49959.14505695752,49597.41579027474,50394.008172013644,50609.981418712196,50543.50953052544,50133.37811327773,50199.7900996284,50032.43341942814,50262.18477734897,50216.72423411562,49999.62069866899,50305.99870968451,50333.099839028175,50161.98918070489,50496.30212431375,50762.06922744048,50644.51235850314,50077.95125002197
50068.304048847596,50063.748075689604,49928.45102752376,49775.165436377785,50152.37672922079,50362.280004124,50076.01480313896,50013.60439243187,50248.31451319102,50384.754663611486,50388.2133117049,49997.365530000294,50217.44718521568,50060.698335638575,50268.9575214286,49739.17050293654,50188.92151214571,50286.16407146465,50081.24922021503,49881.44012620041,50419.761303521154,50439.60965260364,50441.944544174105,50240.301321949424,50413.57892668064,50029.538689409026,50157.712996475624,49826.1361508823,50216.87084065652,50645.1997261641,50266.269302648434,50107.3213915827,50606.992065596525,50631.2008831792,50771.02891709804,50337.04498510982
49348.11011528407,49940.53706465957,49975.70045567309,49812.30431015489,50263.54653571749,50517.48054509911,50104.67650015217,49871.39976673251,50025.217097370405,50382.18698666819,50319.7978629027,49991.77370375237,50185.718055025514,50133.9559005678,50177.17062589809,49770.455691474934,50259.13853186487,50401.39035465501,50197.75296015577,49932.13883041268,50299.8056419833,50548.85253145912,50488.26335424648,50063.52269361741,50486.452037871764,50051.3548501438,50161.02544549782,49902.73278369267,50338.29391129187,50550.73855690663,50407.195184737306,50215.97089319816,50477.47062692905,50746.11192182587,50705.48740377638,50287.948451642944
49869.19694879451,49850.91428543398,50103.822063688065,49624.75714730112,50160.37931663102,50529.04003904775,50083.61539392891,49940.6505177454,50246.02568821224,50660.78024894766,50257.17086926593,50174.0367606135,50386.14061218951,50017.3874389723,50050.84503296572,49829.37731244611,50111.90311207507,50431.00315406696,50092.34149930885,49942.225868188936,50290.41682294454,50555.80310435901,50484.902762219106,50342.185435234955,50162.096232538795,50100.241014977,50210.885169080975,49866.513461895796,49926.95796476798,50761.45499278563,50456.126814680974,50281.539933403415,50678.22927412001,50595.94888461509,50774.206677062946,50171.93804598761
50056.3898438257,49947.0622277275,50025.29798216336,50028.26648169507,49945.22173142034,50423.6911382909,50070.39085258482,49853.55249079384,50094.027401992236,50301.69722508956,50303.7152529436,50036.59756501018,50215.40180752369,49995.39366339128,50156.89350636981,49811.98865786859,50180.29421787992,50671.42626970674,49943.01102486226,49992.51026892132,50472.595422289196,50376.25365242984,50753.707639549626,50085.586327838064,50196.03458733616,50255.359510384325,50268.47405084417,49718.331037238386,50198.1859580449,50489.76219930021,50471.79467816118,50109.882204862624,50548.91421252152,50681.42043711878,50538.14328324539,50361.55053094213
49925.5724354871,50024.26290493708,50108.91647463542,49902.020945826116,50103.434458253774,50216.518349185244,50061.31576108591,49692.472688389826,50081.07020561466,50331.551228619,50159.20161103493,49963.13797400683,50074.948519714395,50118.23614704072,50315.96703881124,49857.14125881815,50161.73162837672,50262.71955179987,50135.93450237728,50043.086430555966,50443.26835882788,50455.231522660055,50427.479586979476,50253.78589600025,50168.071676758176,49657.60736036816,50183.39349031425,49898.84183761712,50173.198393063736,50365.337511288264,50272.05086139696,50305.42845717421,50377.945124691556,50695.11122648378,50529.97754716432,50143.11244072306
49896.95943456931,49992.04562240451,50144.996698482064,49984.355749688366,50182.01334150014,50175.64828984308,49991.2093382113,50101.739647827555,50174.83456686306,50159.59990076639,50083.56311350031,50091.25036603982,50297.35599212574,50268.79211964776,50099.439548233706,49848.36948062502,50036.17559689832,50322.124250068155,50031.69080904026,50154.0004127876,50210.736461700646,50863.62991118198,50414.15251715878,50384.96060402654,50108.50965736507,50338.43365467001,50134.98896999374,49782.625810329206,50229.51729036199,50677.754002302456,50331.7238859683,50260.90765728287,50375.61458184155,50644.33136424778,50654.28941019522,50298.28789255465
49982.99917246837,49822.208227367904,49898.8570790555,49856.58417922774,50172.23152855257,50193.23986400513,50027.27100473015,49711.87741148559,50179.47382179672,50233.75063815944,50430.453914271995,50158.83497339977,50311.31019916589,50096.54324371616,50388.995596650646,50037.24863560343,49954.83169409564,50431.99651319882,50246.60159596483,49996.55924955409,50417.16125646756,50328.716444196754,50376.97218489779,50320.95142677051,50303.5525180068,50152.79574999602,50306.39759818981,49892.45046550959,50203.77849572331,50568.77432308901,50439.393300274605,50279.5866820967,50333.42778013891,50827.421044685085,50765.01273744149,50270.09770409553
49964.23302289018,49804.657862967186,50153.67158013108,49698.92060357746,50295.24369724431,50482.249059254485,49922.57769664039,49802.48232576368,50009.143739399056,50362.500704518774,50263.96230891303,49486.792461764184,50105.249126551804,50018.63609449277,50153.59607240284,49783.88496919829,50225.112630727774,50172.7862171667,50071.1873919581,49880.47340325367,50198.479842273686,50445.03244899815,50489.05361585939,50196.33691578463,49710.63074578074,49820.08520734147,50271.03395007592,49870.19486299618,50174.95460794936,50658.23739831485,50346.72044856676,50097.418528987444,50565.11785479859,50916.57593535229,50648.75729883908,50354.82372319156
49868.91181326169,49983.62245261293,50359.78343133018,49926.703264513824,50046.776261376675,50133.42284122588,49944.01592768708,50318.73595836268,50298.95572175769,50395.983037437734,50220.366975288234,49855.16314885013,49946.7503468899,50185.51900009606,50262.26918885666,49910.219021065874,50173.30661467693,50372.23931248839,49964.28764463257,50178.14227689833,50417.912232984156,50544.67711516829,50454.03222185888,50361.6263250294,50140.28525731046,50358.61554239339,50351.59460249586,49846.244263883906,50604.36591698826,50562.809895280225,50328.899461680696,50343.90214116523,50715.68565244726,50686.80900531486,50562.553288060764,50119.67340162175
49893.25532236772,49887.82509443373,50084.78488797929,49856.17723217492,50027.76363308717,50254.38695243175,49869.02247564864,49821.08317706139,50003.186201427685,50390.63855616229,50301.91323484924,50178.13128851547,50250.885547531216,49843.28301188278,50198.473584243366,50168.76550704668,50046.58543734951,50335.16381712069,50134.55702856133,49904.018176057914,50294.71579876115,50638.080484821636,50370.925649630444,50227.788577522355,50239.06021881267,50222.9321853624,50283.68370704527,49857.12475623012,50256.48317908094,50612.38618693636,50161.87271020103,50191.394969366615,50491.31474267027,50745.83565261674,50946.24860128645,50289.65639197718
49851.516603485754,49933.408639898094,50020.42483130137,49931.20279457382,50010.30700442847,50504.24662481374,49957.20271136538,49630.68466618793,49889.99482916577,50457.14598684897,50334.022033602756,50112.63387869039,50174.29819257198,49949.04099689093,50023.41699005677,49867.90030633684,50152.36419561145,50503.15918555741,50175.655447122735,49793.35727129624,50307.62867999624,50656.04618815144,50484.20181517271,50351.617870591195,50252.98357867415,50096.24446477037,50237.962698996846,49923.85152150394,50388.541998035194,50472.24704344066,50371.071385334966,50176.276558657286,50461.871053180264,50807.15494985851,50790.52715176469,50318.76916469861
49949.97622017368,49626.986367485435,50091.23557033347,49993.50616435878,50201.412431714314,50171.910778784084,49995.65632011622,49867.57188239742,49976.93445224257,50315.69080045201,50279.65590875545,50126.32433907267,50060.96789636842,50099.4634851087,50175.93684396774,49981.428593452685,50146.12744804586,50397.71234656149,50420.51642955179,49961.953441733494,50396.86414870065,50391.95981114452,50490.914805724795,50289.50620710806,50068.511810550706,50071.02570387358,50172.99400966441,50003.72517494125,50650.484370420934,50379.64098813866,50423.581128128586,50191.103426258764,50755.66602292775,50886.991739085315,50740.59793715874,50224.78417386026
49852.682621086366,49916.1044275154,50170.29216248854,49911.37450662512,50102.393413502374,50604.17966038747,50096.8272949851,49815.72120212918,50154.393986561205,50281.95982847487,50254.86023790461,50189.43719825803,50141.9477109555,50011.76994762045,50248.72846137586,50036.31671738788,50000.24761280463,50196.59570440727,50088.73521472751,50211.629157586365,50429.99026703199,50623.835051924674,50502.69143031372,50218.20819448532,50098.51130196684,50236.42412278076,50193.95694607521,49937.10396340528,50280.538208244085,50444.509127298836,50343.99613339406,50346.263005964094,50566.01580099304,50790.441519988686,50598.89243984479,50321.59459109315
49932.69829983548,49985.3929967921,50061.81183774633,49641.23003089091,50124.812768051794,50202.4075580692,50101.890432548644,49675.29964708726,50130.59656562839,50411.509607428714,50317.16327637499,50159.85973092904,50046.655647205254,49997.842427437696,50035.090657999266,49761.905920722034,50210.600478456035,50512.99896747718,50166.358742996534,49748.29727702919,50283.369132799526,50461.52771120921,50439.11849027152,50322.79943856626,50344.86659319449,50166.050685404945,50228.19435478833,49962.50183264151,50127.206761958,50582.81033552123,50404.77698903035,50259.675952185935,50564.64849378986,50536.72348202766,50419.0451276592,50381.44456376101
49969.072697228,49694.22451737493,50117.3595334246,49777.31401300345,50201.32723229309,50463.70890528346,50104.82852676102,49880.84960989501,50019.14188602035,50384.648735494404,50401.70940380312,50100.39773943797,50118.85353390865,50059.93362630274,50123.03975758926,49722.44802375613,50162.184687293375,50363.11937905032,50224.090466631365,49918.67442967596,50150.93490183144,50562.23558277174,50461.875502155395,50383.251844721424,50153.80638800955,50287.53661630764,50364.06945785588,49983.226484301405,50383.165127737564,50598.94681611186,50369.26520907209,50622.26714589983,50482.26146623664,50852.85971851826,50681.13493459231,50284.290161546414
49999.01398920845,49829.76158057992,50000.550273987086,49793.37375503065,50046.049075011855,50108.35751591539,50222.268580597665,49860.97621043232,49706.07447890623,50189.5515447845,50251.93192239931,50019.797783773545,50235.22874503863,50218.611919907475,50239.41602024801,49765.38487088382,50214.39098186006,50444.83018054533,50156.89453092576,49895.54076887086,50051.34494886531,50424.584018038324,50497.01471639613,50187.45125775067,50181.82331926275,50181.25481863083,50148.0835344677,49858.9488087997,50316.26797769728,50635.39680306094,50935.322829810386,50359.422775875326,50589.50036900391,50690.851105767244,50573.62170554303,50286.53539185136
49747.42912627268,49822.82911768693,50089.97202692862,49841.684807506215,50167.68006197069,50239.97527189639,49917.247265199396,50024.086375037354,50129.82681309676,50293.54899089974,50164.66958250848,49865.61004399535,50084.655507134936,50357.49913828429,50070.3754263218,49733.44107522698,49963.144275708975,50476.03664505903,50127.63997315961,50198.940589686856,50040.71535344543,50786.364403952684,50424.24674949619,50208.32726295449,50174.22432817179,50216.57240517887,50155.43581174404,49972.37660214324,50283.94310698578,50531.45127504722,50359.296354465216,50337.12606283936,50663.498880821535,50774.00861212463,50535.84560555037,50158.33886302242
49905.21769387284,50059.23712966528,50026.082493731876,49851.71138366049,50025.54641151505,50356.654509550564,50074.86348444365,49852.74719557085,50118.77143995505,50229.08866972024,50115.178147171544,50271.605632188664,50189.09729382202,50070.11969077845,50113.09108918083,49778.61736994954,50165.6841067789,50372.10235819102,50239.31365945915,50122.84737023945,50340.141077660104,50558.46311719357,50392.05373729158,50316.56336288978,50198.35546539662,50255.80549096273,50184.951761953525,49955.27414344517,50169.406450769544,50465.94264920019,50220.52224418288,50209.53866399714,50634.33425923734,50672.695526595715,50381.53167294186,50315.266186710855
50065.955384436726,49984.96476515225,50137.29772415489,49745.543993092826,49965.81347272984,50393.88546568205,49708.38186464723,49659.46387702593,50133.63914577264,50245.49864274269,50267.47712967935,50128.92221492604,49631.413620875166,50090.83051834919,50210.37441506476,49790.81582060482,50095.46644289197,50090.63904350552,50277.903745568714,49932.679411815254,50360.26023270824,50617.546556965346,50569.52199468741,50172.83549553209,50306.90472132067,50091.06107933224,50179.54339910133,49820.96511767076,50125.27388073694,50551.90295134951,50257.26400613665,50196.36440393769,50720.04593936798,50621.83058793834,50726.166287592816,50092.583100586286
49708.678215887936,49937.556936975605,50147.87155478833,49861.948385075455,50240.978620029906,50197.89585786746,50122.63889430085,49691.6153982851,50054.38758476698,50240.10944720303,50325.47211446018,50111.383811862936,50027.08896081059,49920.22438883638,50240.343207542275,49791.48618332521,50162.47293006221,50054.67199703954,49980.64990444241,50085.6289120835,50400.268155813996,50788.77267424512,50685.8750027175,50199.993962215536,50196.3088107091,50175.13184007699,50114.63451924026,49939.00371454932,50291.659664837505,50527.63633636277,50194.51132178446,50238.44800035074,50590.07059687082,50702.08369763949,50754.136391720545,50358.29688067944
50066.050389618875,49914.12167665165,50079.2411149764,49839.15063017234,49941.29859132648,50382.22667173791,50062.846119297734,49837.611473220684,50090.5230030512,50352.6597961533,50431.610403448714,50007.95538056371,50148.47986576973,50070.92944197877,50134.840967239536,49871.65295552126,50078.66990224498,50339.20048456681,50204.15124381606,50124.66480650034,50312.55930642431,50603.47033799009,50176.40934241925,50111.280449305246,50318.05602188928,50101.313016355205,50216.44355771542,49940.83786208677,50270.618360131586,50426.51978624403,50356.23556156549,49974.635580410315,50620.48363001901,50666.41132590037,50669.55489145264,50452.142478846
49918.07331620982,49893.865069715976,50141.17430969974,49430.109067532365,50204.6866592598,50376.40925678708,50033.57725962734,49778.17421217988,50066.178723700636,50400.45280840551,50287.90579272804,50125.82969838862,50147.8715749123,50100.94017875104,50233.160192312054,49840.828151373185,50259.99620160785,50443.850069016065,50224.075207080314,49735.92918374037,50383.39204267123,50614.57723761526,50390.72532555578,50230.67503430972,50292.47510324752,50117.82549426601,50138.67801168825,49727.03177025449,50399.253244043946,50412.33250694943,50349.82318802862,50335.53887473297,50484.48119163973,50824.39175673099,50542.685735290856,50344.94734865587
49938.622932599465,49915.14938334195,50074.285078340516,50127.248785098534,50156.996853916455,50348.6445588754,50356.6489480046,49928.39648496733,50129.26684728258,50035.94566968907,50163.304558912096,50266.67626110889,50255.14060228004,50130.58490653656,50328.53193766988,49881.390477916386,50212.7887120699,50454.087605005334,50114.109037600116,49906.2975727884,50304.04635049895,50357.37192361944,50388.50774468839,50172.32920588158,50265.17158511645,50006.21659027158,50026.87370989773,49915.216002392,50254.3722194778,50657.72827163984,50417.17613531004,50274.21706583996,50454.86418012739,50806.117827118345,50741.86207816953,50352.03397331534
49843.35743989864,50083.50425504011,50019.43240213127,50009.561923906724,50209.11247208024,50325.64584097867,49839.95943907425,49955.23502232642,50188.277836563786,50250.98918699002,50382.28613214023,49762.054509501366,50120.03526663081,50127.07682840554,50179.801467662575,50103.311203640915,49983.52571470574,50249.85708160716,50153.59932967341,50064.59083179724,50369.0456470043,50663.74898505964,50536.260468772714,50094.5720897387,49995.51293510479,50245.72802295355,50127.41610860646,50058.873045899694,50362.994928645094,50673.779688283925,50210.76972822137,50199.96250068422,50602.27719167233,50669.47098637012,50574.01777066171,50188.315725851615
49795.49641867811,49975.73039039476,49509.1481001528,49913.638571065836,50175.65568320196,50219.15932137883,49974.51196291614,49869.54863123726,50147.80992727343,50563.56579558513,50161.26218230209,49954.80019443584,49985.527904598435,50089.468013478276,50148.78625088441,49840.678408770815,50049.21945080033,50225.890384876395,49961.89878456987,50172.29692069875,50319.90489552424,50781.16444763862,50362.53258059267,50120.355576231996,50089.9460235908,50342.42113990311,50171.85727700086,49996.077855453455,49960.83897263517,50699.848088966195,50229.92843868975,50226.409411791574,50496.87813208774,50614.1888359107,50612.49691474125,50167.65274091879
49763.747321394556,49965.412484228225,50196.95266669075,49784.811364735455,50129.94752523098,50305.89684443248,50103.255599028744,49869.153012931594,50560.28350076934,50389.86257382945,50174.7011792203,49949.38719555697,49992.73607613292,50059.13752401464,50332.274761114495,49947.706994783955,50130.664822568375,50444.3413939881,50033.789555533775,49925.09970739809,50431.912284991435,50561.34483319382,50488.07153855093,50120.944455260025,50134.89913839953,50202.91881882515,50273.230330603816,49861.36823196398,50050.095497748895,50514.345567494755,50270.96994057808,50250.68806563421,50670.0252825796,50590.278690790095,50568.46485746146,50168.74370018867
49813.447199658556,49998.6963805735,49807.04860069489,49861.94501154203,50022.112228421865,50418.77716493723,50072.121864437104,49695.81549244689,50062.62209565388,50409.45892990291,50320.64843331877,50247.5243315884,50114.14213943094,50041.0896685887,50280.001271072564,49770.91310841686,50295.97852972361,50425.822266424184,50209.59996808996,50106.73109694502,50283.902700046594,50512.183984074734,50503.83232505076,50347.30144471591,50249.12791988344,50477.39641540031,50083.75919433504,49873.057761028715,50331.299789997334,50489.981646081345,50396.20616012416,50316.68256670875,50418.80531371808,50793.98387946626,50642.64089524498,50322.735298895524
49827.50043132265,49841.87531569527,50162.715469973984,49741.90247898874,50109.973907141015,50395.78983557841,50085.02921049096,49674.505153632614,50178.804637191606,50412.65035000695,50164.867253511155,50050.22140423556,50095.1311802692,49983.647124677496,50203.63817847479,49916.661386912965,50182.00128249173,50180.28154864758,50580.29125742935,49882.715370928105,50391.05974502898,50829.663017743944,50545.90014204396,50275.262621443086,50178.87900477387,50115.22859575765,50304.172432261636,49999.10791285565,50288.0313484908,50477.54080237613,50395.171534617446,50257.78013333335,50831.165186196115,50694.957628183045,50934.12792637318,50180.55885986015
49817.57048305075,50239.64932116846,50111.78109163453,49872.957355220846,50132.07291388075,50264.44488971496,50042.73359327541,49785.66911341272,50173.662093952094,50534.6658956575,50323.6839855127,49998.00486724489,50103.52569613774,50255.349554287015,50410.50821989869,49967.63236113308,50024.49663377666,50246.32075617128,49980.2114161669,49954.84130461719,50315.4790455149,50559.67499160065,50440.981354890355,50207.77518791623,50246.908473531235,50075.250733575274,50211.55615391666,50018.759704496275,50282.3687012972,50532.70628420122,50182.403170849575,50246.45333439884,50660.51971749897,50820.89569439432,50659.669954592384,50206.07583122283
49917.93119344299,49984.61545121246,50006.786483392694,49700.20316027137,49886.21796977413,50342.794009311256,49871.37185040661,49853.018608305974,50101.10223101681,50267.04297708079,50364.08225049952,50270.21063941497,50258.61616927689,50205.20065774761,50456.669042670044,49824.642839405715,50211.13972539228,50451.172685926234,50289.34620199905,50056.76039685471,50421.56677845852,50407.331724990065,50487.87513824823,50073.05707958661,49990.53688042743,50334.373239646535,50208.69135313015,49868.68046625233,49772.37250151721,50557.624489526366,50524.10365945372,50111.89479265464,50553.537103698574,50801.4793264225,50344.5547394957,50182.81231305189
50024.93913873506,49995.09862686517,49909.036326779205,49819.00586320619,50104.98637440984,50562.4779940055,50022.82863506154,49730.58962419951,50037.177647074444,50270.0243517655,50208.92567656727,49991.295465701136,50151.658804552244,50211.58941515394,50082.70932232447,49830.37286322207,50027.72207735838,50435.45376234902,50219.12903095517,50125.7351390162,50359.33244127989,50617.89080727975,50387.8582406536,50304.609042478805,50246.76634476788,50075.36756244217,50244.49299024933,49702.532268410694,50384.1586047704,50553.69659906543,50382.83705544293,49936.2988352106,50428.38030278472,50781.452132056555,50552.1714772463,50241.95348907692
50027.716542224,49884.45536956428,50004.09645432656,49868.150129612644,50157.99374465185,50627.44178419678,50125.46695618429,49583.52875547171,49941.90701711579,50338.08457674421,50257.41843404956,50060.263515753664,50015.431597979674,50083.413467836785,50115.30440329606,49901.99354389138,50316.70151948878,50344.39320884577,50138.399721642425,49963.75751303786,50347.552462312175,50563.3881068813,50599.60923609358,50354.930322151224,50120.643577029274,49989.76774666,50327.893038114475,49842.79289391724,50396.394755305,50433.242996103865,50131.43472083673,50183.740938083305,50572.99288002354,50664.557449340646,50675.38540042942,50327.356046957815
49933.850632311405,49747.96879754922,50210.992870253045,49718.144453272565,50061.29854765133,50479.269346663306,50015.975970542066,49679.575931592306,50004.50035317408,50341.25219334709,50116.991017267304,50145.26959168859,50305.82280562238,50281.15852424954,50012.29914173308,49619.4420066533,50253.49995121961,50445.832067557756,50079.30765890836,49886.30674312558,50445.87467194696,50726.09418252571,50437.222471671834,50367.34605428342,50421.35297613892,50219.74605081506,50074.96574918524,49870.19908342346,50358.64318716752,50593.86072929115,50315.00882803782,50336.0548656397,50639.84256483467,50687.6124903632,50773.438237513044,50464.197082059676
49589.45829896639,49962.58370702536,49961.347661807915,49907.747777057266,50255.870284893856,50393.23380998775,49837.226098227,49897.022354766,50148.52086848738,50424.57972099046,50213.06948250003,50135.813692787255,50112.88282627322,50499.92773002842,50348.26357892599,49951.40974221893,50378.785868315565,50182.45704914238,50339.41062071418,49791.43932336078,50419.23669553597,50595.628696421576,50624.80751688378,50341.07649888688,50184.09445880695,50103.865695584966,50163.92843842703,49936.26791507142,50346.43271013737,50453.17244233729,50228.698158309504,50087.00461704349,50764.86474685602,50927.43009914768,50460.14219461611,50270.61250607011
49927.289938103764,49940.80199940763,50102.7266494183,49904.99278820772,50136.528050802975,50383.688985498084,50066.91034550389,49820.15893569174,50084.9732257988,50224.7983651454,50353.53598325694,50132.085814034894,50009.221210591066,50118.011754664105,50349.91550403953,49995.57919291083,50257.402023602495,50142.584716504825,50074.89898427548,50155.90586781809,50551.754723643506,50842.10061153355,50378.55825981086,50050.52685005123,50105.94407768768,50210.587178703936,50246.092459196065,50148.07739810177,50162.154881310154,50665.52261480052,50428.845729890716,50339.39833124456,50545.00702127192,50788.26047347104,50678.398243194,50263.89990154789
49913.05758129182,49871.19585455805,50122.38907899412,49664.50833126418,50267.19630139009,50315.82789765101,49944.78240570757,49785.330723784224,50081.94750819231,50409.85362732626,50158.529674519275,49838.06495498643,50326.093067500486,50317.64714932929,49997.15281318216,49988.756861626825,50202.94828410539,50506.092688649136,50122.13563163997,50019.340677873515,50360.881344845926,50533.68626744549,50193.53106002327,50250.243975521036,50417.72228740526,50291.32285494533,50356.82064683047,49888.83219549771,50302.714058790334,50556.38144433391,50425.78475216589,50165.47882908336,50465.55827806081,50820.88545820231,50499.24053943461,50254.41420528547
49838.78666438442,50033.24650828229,50132.476946841045,49769.78682437753,49938.64877634564,50346.05887798786,49903.35409424065,49585.57207922378,50080.5208585392,50395.61480427194,50240.87858335053,50056.75556937582,50323.674764558455,49975.462097839816,50240.01160640314,49899.572117921474,50037.10947521712,50247.72104488314,50162.00761922613,49997.97351313539,50301.77857009571,50579.32247749311,50619.48537162913,50257.547042676364,50422.76691721295,50068.63155430989,50229.80848452025,49962.78449395313,50069.237020847366,50508.66408246491,50356.48818028894,50405.41183782038,50729.95278592318,50637.874502664585,50569.31017394259,50319.31678814552
49980.68845644355,49878.63672587537,50018.75747015987,49786.421616849635,50198.63657849084,50544.49755221035,50130.361894398935,49755.79211363297,49897.297710838466,50281.77694227115,50371.63316915376,50073.50715874252,50086.396479648254,50044.43889269488,50276.93943597766,49822.07393367011,50084.688551039835,50331.85626319169,50088.07297785507,50266.005564019266,50244.51014653961,50625.130840456644,50766.01517725794,50351.13769372721,50206.678205452634,50154.17630932496,50294.593319870764,49791.13581653306,50273.2875737833,50709.80576856768,50369.448216675424,50220.2000844547,50423.953706411405,50679.90827172757,50487.83905960109,50280.973990010694
50132.97862534438,49919.04943996115,50030.5145227671,49908.03307666196,50006.95378299666,50238.60274411823,50128.57639350356,49881.67202270687,50026.337212831466,50306.906214389244,50268.86384395268,50087.20399605584,50383.15198199694,49972.76674166765,50152.306697087355,49804.3105612923,50111.33020601518,50525.535287929095,50211.20311397379,49801.91929104195,50258.079098717266,50346.93123107167,50470.90405704446,50014.38683350811,50324.60033475904,50109.74857182543,49580.228414638805,49718.158097389285,50244.87078626498,50574.71478737598,50487.46709145295,50275.262300305236,50412.05432806067,50662.967616096976,50475.18569784347,50176.673035489854
49724.63444960195,49959.64190745889,50275.43188879077,49968.28425231253,50174.53968916229,50284.34088290439,50084.75760290344,49607.339535985615,50128.9074028184,50503.058872583664,50252.739984053675,49981.96171137093,50082.693300953775,49985.635248239036,50776.6725455024,50087.46455161232,50029.04518688676,50359.368912158156,50062.9694785219,49801.007367364546,50291.87701556593,50746.01738806995,50482.666591664936,50145.721375849724,50150.51021246327,50196.968291446276,50127.81035951752,49871.902362482004,50309.6918831613,50453.61945550088,50083.684390472175,50378.69564466227,50729.75773966856,50781.43284390367,50628.622545054925,50155.11861056333
49939.348161748734,49825.3110146567,50159.00064577942,49679.28492934207,50047.766829339,50327.37486637823,49932.510340600486,49886.99150967894,50078.761110325904,50223.21758138195,50181.50781839511,49925.14804933198,49870.02854383263,50014.6499269604,50260.60936841321,49745.17605294351,50191.14903234222,50336.998421758595,50046.70785468081,49988.47552754969,50446.315908851066,50469.43088451608,50391.66986561962,50127.150598597415,50252.8052519346,50375.79986255641,50120.783497678356,49913.28815326897,50258.15668184914,50559.36646574162,50225.37312459111,50342.593921258485,50607.01374376594,50751.76829358865,50476.6330805776,50193.53252899009
49840.04637547673,49834.766066925324,50192.92039530672,49917.56435263132,50223.052070816964,50438.89131482855,49951.56643515435,49749.0011626923,50135.17355804575,50857.92628063202,50634.606005869726,49885.5520589578,50127.85229574033,50144.44316675183,50285.00613791449,49500.39888038235,50211.17031933568,50399.48418437014,50007.18058857839,49950.407164864766,50351.00277464038,50647.01735367517,50533.513630271664,50311.21083984961,50126.63403417963,50221.0082242226,50181.319224342085,49840.3022038371,50388.49701905224,50453.67753767815,50430.30507382944,50284.08466816983,50368.01940057876,50979.19424425154,50718.20977989867,50266.0288458983
49903.69384231294,50010.435924712576,50199.51880513202,49944.24869711873,50200.383867803685,50119.59394861591,50106.201908017574,49684.65116552643,50294.9443327457,50282.32559452344,50185.20870099736,50008.865167224314,50215.50792776754,50110.01043122676,50269.532161523864,49907.62162326805,50096.91497483215,50028.98052961643,50160.975571852374,50037.22055985846,50340.93910184738,50712.069311106774,50394.55788952416,50196.79561291086,50333.91211331868,49873.69332545411,50280.86047591889,49852.65821683883,50311.514641654765,50523.37036609015,50175.69410036838,50289.13529022875,50640.23530165358,50942.41505994439,50462.96050699481,50243.38775781111
49891.820455185516,49831.53366529898,50093.18338398897,49891.71120513074,50161.6279010201,50337.95019155066,50039.2616611293,49840.368551038606,50051.248642536986,50325.463037648195,50221.895136300605,50083.48924482781,49916.35387895873,49948.323038486174,50190.6855510858,50072.91017159106,50247.721705746386,50335.385563970805,50127.794906066556,49887.49776260782,50246.47911709897,50496.40710071593,50472.80805362367,50154.74341422397,50253.43918639164,49992.77763207893,50275.30795989498,49950.202637306385,50351.4538685411,50505.28992804716,50277.20689374231,50052.74640698625,50332.40950675792,50787.34261502194,50708.87637199791,50175.934682350584
49858.51081135529,49832.19378373791,50163.981667626955,49734.875064406915,50131.73047274926,50407.507896875075,49958.19135286957,49583.401049956155,50067.592722129324,50195.68861512749,50376.40988024356,49951.63236221859,50129.95384397292,50155.91986235038,50135.43974483428,49758.66828063633,50489.62635904473,50469.313413688404,50102.64077976623,49984.333186530086,50384.78368104179,50571.44015921662,50511.124781557985,50268.55630661229,50181.87101861165,50249.522725672075,50138.11639862562,49840.46346264665,50306.6333845878,50558.43330744612,50419.3202538639,50046.978064386756,50525.78130152703,50894.2229401739,50575.17861561986,50175.15639695116
49937.88411833173,50160.40923604764,50177.5199708331,49884.196521097416,50012.999215182695,50338.90015419581,49994.67937866518,49764.57160949973,50225.40942611174,50340.891090253346,50251.33925019374,49918.17271068496,49884.80155530155,50111.52433350836,50306.89614405779,49833.171492790716,49912.92118363852,50299.3993646117,50058.95818708485,49966.70960514333,50305.15057690126,50607.93309774662,50532.34018432409,49946.52417497403,50059.40517966531,50312.29972752481,50270.87588420448,49840.16094770228,50202.93465916985,50342.77612235578,50285.12494539364,50350.76464334469,50597.12974439977,50773.55707798259,50424.75573557103,50346.22449703434
49834.008972984586,50156.86784852229,50154.5257875833,49930.48443758964,49887.209723362976,50190.087878178325,50140.802551635425,49777.30430195974,50081.81441795163,50357.587565053946,50207.01659914222,50082.586113803976,50344.52982662716,50175.906214632014,50039.664872419446,49760.80836228971,50013.948010594235,50301.351205502804,50274.51656661167,50053.654049168326,50253.0901975314,50600.705770601424,50525.083307709894,50296.03109164014,50180.99424660689,50327.8493578131,50220.79794857746,49833.119145608405,50018.01081534247,50658.06253875104,50539.17554013564,50431.02045129,50763.08163870946,50685.77786680726,50539.69304700119,50217.79810225075
49969.223992369974,50119.6428129316,49968.27837443853,49829.26317905865,49890.38493073164,50398.75276838693,50121.88410536499,49779.469766860275,50040.04045601748,50464.100447307064,49878.127815714724,50003.50385460203,50264.74718462233,50308.29081199967,49920.213621014096,49901.92680366235,50036.741430756745,50575.01861048359,50321.73287105786,50267.102086372586,50561.61242883093,50564.907220092246,50396.50527636677,50248.09420031013,50384.301655122224,50175.8395247418,50236.56392338461,50032.35059796021,50142.46253639994,50500.49302870228,50253.57500038769,50324.73337729064,50531.32728692653,50757.33757132548,50468.25722163547,50269.50162693466
49828.60367988375,49772.12644058183,50139.89575296928,49793.86425186087,50184.90805715055,50735.03245667472,50004.30438406734,49843.987544028656,50154.742874888,50328.98012896362,50374.565756641176,50059.28147241588,50102.11525177681,50071.1496419901,50352.7310233063,49940.03840549734,50218.36197644834,50288.46080180206,50030.36271033515,49852.868075391154,50446.765898394864,50715.38619909092,50558.41993698412,50219.59038781893,50239.6633428561,50047.645144371556,50178.49157635167,49974.69479855454,50133.45682023306,50541.03592846518,50317.528674904774,50180.41848030301,50727.81676579504,50851.28358068951,50469.339971848545,50158.56667394986
49936.4720919083,49995.784621234925,49913.79020484178,49821.80978364235,49962.52749299206,50345.65208056578,50146.57629873815,49632.45908481487,50177.2621778432,50405.60357811188,50120.35395187541,50191.54367743651,50105.687765860646,50165.9103812437,50052.36647644837,49752.72653554717,50151.42451798494,50409.47325864762,50421.767805998505,50150.61503472883,50473.58682614845,50486.06589680562,50397.80780129753,50118.52921301781,50026.38213023123,50169.168921512246,50016.86894352858,49850.24137600421,50190.33103434624,50533.44805255121,50447.86273675219,50141.07195373002,50487.401485541435,50397.10933352556,50616.06767015213,50234.80865833598
49915.88902326501,49931.2257892519,50274.49362449633,50227.38139820789,50197.15118669182,50372.86350092983,50099.61426854162,49776.3733076521,50252.413041279586,50560.84863097097,50078.169807626364,50009.97339283023,50122.10047355847,50199.80918040769,50370.82411536148,49929.665243146745,50339.60770516138,50467.12234741569,50083.32304667167,49894.18848325852,50348.110805533404,50699.746054122304,50538.341286363684,50130.60543686054,50109.08377983267,50128.66594075464,50234.45377535989,49980.84174303489,50397.890679373035,50444.00854786624,50365.06077080705,50072.38781640927,50548.99800967148,50935.08731457903,50640.67019575784,50089.48774660074
49961.80128463368,49980.902130571034,50335.97908217128,49830.50960167285,50343.86174877574,50610.119883113555,49990.38160518324,49651.267915319135,50105.58384730341,50302.3882136113,50330.25258568908,50128.36971863768,50269.746461234674,50136.095433615556,50182.314171041064,49839.77090374841,50079.94086230951,50414.24220994143,50355.740154716674,49773.94356976333,50391.8844932314,50633.06315595934,50656.83721005182,50346.89693847889,50288.43593485071,50051.77830662353,49737.231111704576,49854.573630870276,50372.72151927285,50563.88633020079,50310.12801237489,50262.34266843203,50618.01193028077,50563.853671130266,50611.27249885047,50204.56922853073
49817.16204016012,49973.40132047605,50026.62594076383,49902.934636522725,50154.477131899206,50369.59509679859,49930.77472670394,49893.82726648507,50016.551857787155,50345.78302871382,50448.5238992815,50047.83756369583,50273.80376166932,50234.81943384204,50177.744578693426,49804.466989126704,50342.84831921056,50240.81330266839,50150.906954321035,50279.362391867704,50308.11422796821,50520.69918359313,50515.887548887724,50239.26655800612,50232.69050514471,50096.83955718228,50276.952553980234,49903.90569494881,50219.55629611318,50504.216928064336,49987.23621938879,50461.32227710611,50354.814634416354,50880.713987114694,50556.66863955812,50227.55421515633
49940.566126112775,49866.83038833732,50217.22831542986,49950.545483306094,50173.373805885814,50377.16067359473,49944.98437574894,49681.32238666257,50146.30912382848,50230.0662918918,50204.97244946427,50094.093285902956,50187.701529651276,50161.95169672663,50361.083260007515,49936.7851428902,50330.98880805821,50402.79537036024,50125.35284147382,50326.064441383314,50316.90477093417,50574.84873830499,50302.78885971608,50188.76313537234,50165.055037021186,50172.07226310463,50161.61715395878,49995.58070747009,50170.157359430785,50732.92152539173,50352.015304226545,50151.25476925922,50748.86804043223,50808.883247092774,50696.86003348514,50372.4545238187
50081.96989894487,49764.51328171979,50352.182297004234,49804.94978083881,50213.23023995171,50512.72104376793,49951.212742784686,49731.5850825029,50051.250582369146,50451.65392013104,50499.66823726916,50307.67524215063,50271.249008236715,50110.64516605324,50140.65105425227,49953.75066283672,50196.89624518267,50416.213800550686,50080.361217960744,49920.98250098977,50294.397323513615,50628.66690250855,50540.195149825,50154.09584256162,50312.236319838135,50019.77133446867,50154.80225434441,49934.82021392117,50286.08233789785,50620.76032177286,50529.80574895201,50242.602117866816,50432.432297902546,50802.91606081714,50596.85062037468,50391.19321730785
49683.512004308104,49970.63037038015,50118.949935289835,49951.71912248585,50265.492723294796,50235.16042335686,49967.78575219484,49930.3626976994,49967.76061928057,50109.01478239235,50149.41266635999,50174.52441228093,50055.398398214165,50076.69974400516,50190.12146087334,49955.75796604944,49925.33034027823,50195.25334580708,50227.658349422214,50027.14908463175,50321.36479057212,50557.83079841953,50450.20750952573,50400.54841663634,50053.19372933479,50057.65724505899,50276.431326413236,50227.79432914406,50218.66397778774,50440.09435685499,50371.94285178252,50259.63243180121,50576.58671983587,50816.239952904034,50605.8507610734,50203.17030991786
50025.28684632606,49982.226828058505,50269.286383984225,49666.880212566044,50236.61638940716,50502.7689774932,50035.46330242796,49726.58620330303,50140.799830600896,50516.36248660268,50595.0243086123,50072.54313410911,50030.69021666064,50038.237383772816,50152.797585245724,49896.04246253345,50235.2266967266,50300.37966459992,50088.55113432158,49702.1409672767,50246.9549199372,50979.60480460907,50703.05983629791,50269.874014357614,50080.19265536835,50072.02454649519,50266.83756939545,49968.72021350627,50163.1569547386,50417.29385408803,50135.34517180691,50093.67783773558,50627.99373089615,50745.09261387619,50690.59960295214,50359.72077040881
49958.031762291925,50038.97052538154,50129.2230469329,49776.562178849,49924.89920199573,50126.94651671708,50074.52823928812,49927.8082814071,50087.92040673562,50277.4376064113,50404.454331383815,50185.37356620644,50084.75721427626,50111.54061090796,50230.678337582125,49843.0688754112,50223.22538864414,50201.059176119175,50107.66154338807,49938.99080137191,50412.919127051515,50576.91837279722,50591.3820292457,49724.48036295164,50353.925719287894,50275.18372910142,50006.935779543026,49891.962315128236,50236.398728741035,50639.99081576185,50207.37566256115,50455.51143935647,50851.00788373313,50905.9874110156,50560.457757592674,50287.89106776145
50050.7800152079,49949.56782958642,49899.369831355034,49675.200154705286,50074.929760327126,50371.244895869626,50035.814181244124,49793.181557868345,49964.293009668596,50373.30555238888,50290.854724646764,50105.058315616494,50147.679609957224,50337.26334739964,50237.72872751613,49820.59794601735,50129.577521578656,50483.4387055883,50261.16354171424,49927.998775481086,50207.28179415584,50407.270094573265,50368.93859615694,50176.398059925574,50383.51196122199,49940.545418646914,50247.23512918126,49817.886664873055,50286.368186681444,50689.90698136391,50241.89549389564,50182.93332420221,50583.1419541285,50725.58822544158,50490.35726332862,50474.31128647071
49693.71559808549,49989.671647681986,50288.14895202526,49941.96939639482,50069.23672671451,50459.09753734233,49984.76877233726,49898.2401093244,50218.94947676258,50409.380873989554,50365.49127051974,49990.23989889503,50067.85960634825,49999.51437467205,50156.013613850446,50009.726224190454,49988.18848662467,50439.84882771232,49947.459362708585,50046.816877390156,50392.39954378274,50604.61513899598,50094.82063769537,50165.6959178317,49966.670905503626,50227.32495925931,50192.3604146977,50025.0199370377,50339.92770311221,50362.40475461678,50198.45286377815,50164.716275372724,50702.96972495097,50781.42003406829,50528.978676260595,50139.113538335274
49906.032878321006,49786.353552548164,50036.647251745984,49757.174832329634,50355.639600642244,50294.3466952178,49879.196726676164,49796.40254518861,50039.747491669856,50380.5100650091,50273.218475470625,50055.422882566505,50286.548484654304,50123.4957766795,50289.70554579915,50025.716230598366,50397.12996078721,50369.778357051975,50153.20065454807,49998.342702811744,50422.31703253518,50632.82611199721,50758.09736156232,50311.35981403547,50274.12278110323,50107.6994650333,49795.80924576712,49913.49083213575,50221.741451143476,50563.85628710948,50312.53226311426,50226.889390594486,50639.876400500994,50753.83814913146,50795.954961192925,50280.98133643045
49788.018591949,50036.32397256745,49974.607704319045,49930.46612714919,50145.21922027802,50217.84642451355,49838.39101435949,49689.49461015134,49977.676239336986,50324.52618419607,50443.12303134687,50043.34709107318,50026.781950664124,49929.680810007805,50365.1555770665,49839.72699240705,50071.091117366734,50319.445717873234,49868.498335843484,49865.253583488244,50403.34384212759,50765.42865596874,50464.67848221835,50502.895911378866,50753.1118572658,49949.34251874359,50329.75895639471,50057.8675185298,50151.749542081576,50365.13487542198,50295.472269503196,50267.304769622875,50604.16375680465,50651.03971854184,50549.27174489027,50177.594042341836
49955.83454999121,49989.48024956368,50327.92850485585,49899.37423907877,50124.91031086134,50260.92865789846,49945.156447887864,49997.7709495676,50003.62048249168,50473.27682298051,50213.24290956111,50036.95694372498,49997.7615519286,50064.55153934111,50095.04899042741,49790.40442853196,50284.01434630117,50280.47944682285,50050.68266887389,49991.65430967149,50177.800560043805,50752.206171006634,50466.28251960083,50315.49859754935,49955.41553382759,49907.71629576526,50120.939944598955,50530.5431245139,50380.42992447734,50403.07306588146,50566.08181880216,50181.192385136805,50846.35719555957,50649.45441725907,50670.100038327306,50254.092336923095
49848.327856814394,49781.423237490206,50115.74468450765,49779.81234683861,50122.369825003996,50363.96955780548,49834.87292539522,49910.559191977816,49716.36118185447,50389.40395569797,50246.22116184426,49857.74791681362,50311.139735584744,49998.766215443895,50240.44490447732,50030.971932464345,50108.37876623163,50226.87850760266,50174.7662996636,50292.145026509395,50312.036635183926,50659.246201842696,50280.11711026737,50145.68428617389,50186.37460417461,50204.69947033196,49903.82897408325,49795.70648398671,50153.76755351246,50448.3126297654,50209.69481443942,50479.32818663242,50759.105622348725,50953.8933863971,50762.076734539565,50116.194944314644
49916.61401847713,49960.90189707065,50039.92607151492,49786.39171711891,49913.72017820926,50169.76598346892,50036.20939503526,49881.97880976754,49999.20117007893,50153.0609072113,50226.582996776335,50137.132288664034,49983.31796047222,49995.627343863955,50149.45412042826,49750.05767087874,50138.69608386772,50233.743956706756,49919.61632487273,49982.74454122254,50218.04004715287,50504.0720425877,50536.94318582985,50298.22265741995,50400.819488485875,50041.13800129752,50255.085000577004,49302.86499703467,50132.25263755022,50624.188742432736,50367.0948704806,50108.04399933016,50618.52525545943,50740.403252262266,50644.891296548834,50361.78990065738
49864.01291319384,49900.86790712567,50058.196954384766,49806.30673895179,50048.45273227619,50303.555702464444,50194.69096386616,49779.116719238074,50127.92611598789,50372.55763434881,50181.89342582938,50044.80690964303,50013.95568160449,50106.55405858159,50184.81139837133,49715.25294592343,50044.178329918774,50260.17575915879,50068.60499796094,49913.900111002426,50383.36701029608,50462.85344510582,50580.79498741196,50173.18817503795,50479.26601306675,50139.70033681791,50336.34142505449,50112.57257781754,50066.440770821806,50499.930432026515,50366.70887440981,50193.983943944244,50647.89430611799,50979.683307396284,50561.70313699037,50257.82603295886
49913.874160184656,49983.75170891787,50020.29381071191,49898.537508856134,49876.32697099214,50374.60535926382,50061.91436334335,49906.33044829194,50143.91375570018,50370.47725309471,50215.79840253179,50091.895815069125,50074.27695380696,49927.55217719572,50328.25894944428,49456.70488302796,50000.73064691525,50339.39274278416,50203.801310281495,49951.92197984735,50285.59467608693,50645.01436787361,50560.64367492218,50196.271626766116,50308.00478748068,50209.689714091524,50301.32083970372,49863.42678853435,50112.97242991136,50390.59524887193,50375.88012008374,50146.11347167897,50569.61850516562,50647.82070149711,50471.29022820987,50787.957873740845
49965.05486919626,49882.2298195,50102.318004748246,49850.777684126355,50217.21578714675,50438.633838563896,49865.85130118871,49911.71765231369,50094.86096750142,50414.94277598589,50421.937401855044,50162.35064388193,50271.88443803764,50012.52278714023,50090.725913926035,49836.129230516366,50707.01357743458,50528.619972855035,50249.087224649345,50079.74279451056,50309.668195708786,50599.96634158898,50767.1866290549,49572.12253649668,50083.95728958493,50004.67478672079,50026.07893573561,50099.076537460394,50202.097769862085,50484.66206345842,50287.28076484588,50156.21033670021,50411.32124802688,50877.875975274386,50594.713210429356,50302.1735215849
49930.07544794525,49933.8158014442,50110.91880503181,49908.75873697436,50010.894629898685,50124.44511950136,49756.97927286071,49610.66090154799,50016.214935261734,50374.19836009422,50617.231301398926,50164.87974678856,50164.5336708228,49890.651219425636,50188.38336399684,49870.43348292113,50137.221298263765,50389.3519984542,50143.45118339778,50030.70948508485,50253.48440800807,50742.826383928135,50604.104851032236,50149.17373150817,50118.27738169777,50111.700425529394,50064.602031916394,50076.457244818215,50476.5708576698,50539.11527274368,50362.27298389428,50192.866042320195,50484.70913711942,50648.13941541103,50656.41043369064,50323.0254167411
49990.71492990548,49721.55353795963,49954.49597881769,50081.605046251854,50240.08292277106,50286.797076234405,50111.80681938308,50083.91736837008,50082.39733361796,50236.9294245197,50461.761972972236,50183.12488629422,50106.01333950491,49948.131190084765,50173.83369991894,49873.44357043741,50170.749905555225,50450.02901399065,50156.981404358135,49931.69412461793,50297.366601735506,50655.57354950678,50540.35014318428,50212.30669360354,50079.787321447926,50064.11810344994,50070.64010045319,49962.92119283069,50301.33962651396,50569.42056454045,50185.532246970535,50316.123825006776,50552.982838781696,50822.16013857866,50809.223718052584,50370.64109431721
49990.07627574417,49369.15032480203,50030.76776400223,49783.70033351701,50117.561595548694,50263.61028837552,49785.1432636846,49771.58561403543,50217.08213586602,50457.1075151998,50165.114400606755,50014.36079582099,50201.14227433989,50141.6759797326,49961.62331757031,49653.61442831616,50380.24617626075,50455.23002773521,50201.19050605097,49949.07996667448,50408.40956128737,50514.17172610078,50562.532976132585,50190.56526844609,50261.744483229406,50006.00929165584,49952.41366952486,49914.13266605856,50391.289660941795,50544.24723185155,50318.584960286724,50075.47546506822,50636.537308180006,50831.6926051543,50557.647754382735,50206.80341471365
49905.3273192064,49897.14675618461,50509.848527424474,49927.928886273585,50256.81647604194,50372.66528239238,49988.33103569967,49776.12568529765,50010.867776164734,50375.799377824675,50283.97214764903,50010.33748190202,50064.853089146294,50112.09180670955,50060.61958713605,49876.105167072536,50235.93799245982,50472.07530633028,50157.458675927424,50102.17716338203,50226.861447317264,50744.85596858555,50309.88480420977,50263.13384542592,50280.20134064828,49991.898006197436,50168.65296927549,49852.01039469793,50149.362519134054,50570.733308031166,50291.712409230335,50071.91430749533,50680.10586939361,50724.98970666122,50337.468757427734,50022.075711658414
49805.96804870344,49973.89409252771,50170.52170998117,49850.7073024754,50216.45147379506,50261.17664023572,49975.27766183846,49866.68283772317,49963.10098528159,50308.23929075136,50207.31302401127,49955.940660043634,49857.223773728845,50128.0756108287,50026.77698062748,49939.47457430104,50177.898279487934,50280.24232387241,50054.28796371924,49997.55390857217,50354.68981401551,50601.83456817424,50502.062432299426,50166.99181218827,50254.42164739384,50176.93211800889,50275.4309156876,49960.23063650455,50363.396453035086,50480.50475165929,50269.66416786817,50170.05992215664,50723.008809826955,50804.896822035036,50737.86273350851,50255.95889600852
50074.488359671,49853.647425035815,50025.41197338289,49903.54011493039,50127.64318481639,50477.8543931188,50040.41404722606,49745.71594032026,50181.512586993376,50308.63048573705,50643.560250981835,50114.34435461679,50127.68817889378,50165.78427727552,50079.40648441292,50050.195068291556,50177.955490088425,50640.878913439374,50270.38919403223,49887.71330443518,50226.321104135786,50567.43546075517,50440.06886712438,50088.359173841156,50166.27851375969,50156.57989569692,50046.566092519766,49883.5391173449,50472.54160326339,50740.65759486823,50537.34897019959,50222.31377829906,50568.38772554717,50937.96285297663,50945.79373853213,50432.75654412281
50031.42741332271,49983.670435322536,50007.17621085301,49721.74411531556,50226.51070477822,50340.396360917424,50239.582667108814,49720.538978727636,49976.10450599633,50217.45029113165,50201.89863882451,50119.25905665511,49969.018560200195,50037.48042243705,50321.69060414094,49742.70905469262,50199.08382718421,50484.79754986209,50108.86804183629,49632.10578591814,50140.544130119706,50679.649457330364,50196.47298373619,50283.47175280173,50310.65977381906,50214.406408769115,50061.18217813228,49894.63277322016,50194.87567849425,50489.662934934124,50366.94624223584,50249.981917419245,50580.38073721517,50768.56112994397,50546.15831972821,50252.14354461547
49899.14232900697,49890.403112183245,50375.389203364466,50028.13877200139,50115.510316726286,50245.51924613869,50042.67324703419,49999.55594518873,50180.85633949661,50340.97037511401,50374.66340204448,50048.40572907995,50094.87685407258,50087.68355480238,50383.96082435086,50000.26759491994,50299.96331145504,50337.487773280875,50228.89212531156,49958.003792668474,50442.953642059314,50738.809705293424,50325.663018410276,49964.31286794689,50201.12189227878,50246.897131855876,50266.24294885567,50043.06903763749,50243.152366381786,50462.23903701352,50247.99235426567,50317.439902485494,50581.77613025475,50864.69760630376,50601.645166929586,49975.79561851739
49921.52837382369,50033.866836795234,50153.75033366055,50034.32026808707,50221.323381185175,50295.11777894032,49943.154100648804,49918.261825411864,50169.53164337826,50166.86871961762,50772.087015313344,50056.67798378978,50214.98748958481,50100.41220447746,50164.37447747404,49935.48254432315,50092.50883491902,50414.1867876036,50148.98709574471,50154.19027770655,50232.95271362177,50657.34113925112,50447.06880796104,50220.010366712675,50101.22552322666,50192.558025707345,50187.11176795929,49951.910268952786,50397.60490878138,50403.293232144075,50211.256687830966,50127.771667422196,50424.55842323621,50901.882289837915,50689.58367486398,50262.81118227423
49897.50232717496,49368.82504411701,50208.07596101141,49841.471085028286,50075.461914764324,50251.37607540813,50094.7353559951,49735.45126766496,50061.97575721734,50291.83473005999,50343.245019161375,50028.62978493835,50264.167633268466,50148.98623328971,50274.95570230838,49870.07482265584,50321.37675010841,50252.793567114015,50050.84789184103,49830.381900387656,50326.8501358489,50560.42108204512,50353.25166295036,49969.16581308897,50426.05008320727,50059.8149852629,50289.835591122624,49779.82802896911,50094.59552741556,50473.05742595495,50360.75853269206,50166.28226318816,50510.820413338246,50768.375914859345,50438.43902998308,50235.03869257961
49830.35608535873,49951.305938678895,50013.54918332583,49953.29055417983,50241.0987128025,50278.64566913337,50016.958445581324,49782.030844290275,50164.087268521864,50316.857105548595,50266.89512681036,50041.559332718956,49935.58959301008,50133.33194109911,50173.09828328642,49808.31202906348,49936.89392367168,50248.952584575505,49926.47014569023,50069.87961164826,50296.05093158385,50714.51955160056,50530.81488814255,49989.39069463279,50155.6153869706,50028.910082351744,49844.23533640224,50017.12633812385,50321.008262950985,50540.339234267594,50308.59752278755,50248.574306984614,50610.8799932549,50719.54269340253,50681.659961178746,50325.56287941522
50009.562617067604,49764.79932934177,50093.424149695085,50033.82491009057,50145.54291942127,50324.16627155239,50058.69235399803,49692.28071975041,50186.89569715483,50053.96764097008,50396.028428436046,50136.483807478355,50150.13788384115,50203.64145151499,50174.2396671863,50073.65761196824,50135.14683636254,50255.3710132051,50069.65815539789,49930.555074120755,50410.11553842929,50687.13219689148,50437.898616437174,50091.46014906458,50209.261891110225,50054.035378995664,50232.48950335003,50165.75022640167,50312.99070520214,50379.65249943884,50248.29411223364,50378.0460948526,50665.89243398814,50905.684822438,50894.662571042856,50274.540280693705
49705.73601052863,49975.11350764535,50350.458035472875,49975.08828063989,50089.56596196794,50116.59402536437,49805.32792936278,49831.81182861151,50310.501044579636,50453.10693531835,50361.263542606015,49780.294018445,50341.04655360932,50038.21019536951,50301.83627095742,49865.298261456046,50155.206881124475,50312.83378272853,49981.46088458151,50189.655026018096,50535.092981783564,50547.16948084383,50703.16299237375,50145.393831559515,50367.64324469852,50188.1574383292,50159.815406909904,49982.86773907838,50205.930469175946,50557.49288907441,50339.88645646397,50331.368826292986,50497.46537116829,50802.3058993405,50544.14675173538,50136.880918501025
49937.1794412968,49763.17209858938,49972.15599163061,49820.52521044598,50190.736856097414,50398.41042957267,49959.47902100273,49778.0873754199,50043.7675416134,50257.065579896655,50297.57257997544,50021.95687077248,49929.93568660431,50064.66099190817,50277.74088698037,49887.08505232637,50225.847121217674,50272.582556943824,49940.9046423576,49889.13050083871,50424.432117097545,50627.472398315505,50722.89621235791,50323.79456922298,50121.884761946225,50144.595117496756,50049.79359461898,49874.69977512767,50298.86095646457,50560.974076455415,50305.19338187209,50403.62081152384,50520.177527067994,50781.934052903285,50678.29242835388,50468.782524172486
50008.125982430196,49997.33413438234,49794.9044044301,49777.85573835585,50149.79873181376,50401.085421044845,50059.30675588916,49633.44938463053,50084.51898393767,50003.76090708309,50012.50770923283,50364.19294514879,50050.00124235613,50056.10639231151,50141.99777367983,49853.87157203711,50192.92456146452,50318.47367609607,50168.637254433306,50098.059187289444,50286.5391287969,50551.925081140296,50396.286857452345,50220.4368288964,50349.66991482506,50064.095500302115,50259.52168359391,50003.33355829346,50396.13210353773,50722.364033216436,50236.741690487666,50297.15218173457,50519.38460577726,50703.06438489985,50412.41635325501,50331.59481676412
49828.31217072178,50058.85095855189,50217.10160604782,49753.18997596559,50195.97068456403,50095.99464199608,49814.887850283485,49699.56383046979,50045.46443330668,50312.384762002286,50119.045558181584,49979.34245211054,50115.661685446874,50017.64310627762,50078.917544694814,50017.79490903975,49982.56952965767,50339.55794933921,50122.792867472155,50219.42398122214,50303.16014708087,50563.935870322064,50335.764638016364,50169.370247597435,50025.82800467143,50219.11342997022,50297.11160885527,49908.70302577182,50222.527624261,50180.6265571689,50344.400929280244,50376.12215287659,50448.86323315374,51129.33370363588,50715.550215580064,50165.42303221255
50076.577804124965,49848.22616901036,49971.42263067657,49792.224199066535,49977.176512127,50290.15923221593,49938.06731443426,49848.076996259326,50216.75237341049,50372.45370353398,50463.58476664925,49933.742518030354,49988.52898935007,50252.207001902134,50105.461714532496,49958.80604189935,50680.4846740953,50247.44094060486,49978.54365728883,50071.671172389106,50447.48729218,50691.50208263448,50565.22183279521,50253.31542251344,50005.00751771568,50120.93209138504,50197.6952342045,49747.58954322416,50399.79220322707,50429.057503721495,50398.184634658806,50096.13532463781,50644.037333051194,50644.66976296757,50595.863993877094,50360.81779343439
49825.26701612725,49877.840700508095,49987.6918314157,49649.61957270316,50410.71966017338,50396.5801702612,50052.877371199305,49731.9933915477,50082.69298473324,50339.923752495735,50354.87141309158,50051.261206598916,50191.25406433869,50136.13932191683,50152.75295809683,49971.11048974241,50053.048234891205,50442.87752299887,50297.10235940368,50014.734419909735,50178.42099307251,50438.87704447,50444.563699908314,50287.29427562747,50256.41497403521,50273.50688011152,50296.15804415757,49890.56616963495,50391.12865123529,50640.726094732025,50320.09578055499,50213.456146006174,50562.757456101164,50592.509573022806,50621.933959428745,50294.67648945932
49948.368272529886,49922.78787415669,50197.225795640494,50079.86192766294,50177.22206874934,50434.27932749373,50200.39165878568,49973.40717166971,49653.498773883424,50335.36924321555,50460.48478456214,49918.982207322144,50190.546548723316,50029.33316804915,50072.01898490397,50066.06720175759,50256.88334260651,50705.84252361469,49513.33151933658,49793.45058847884,50355.52455849265,50728.066374275346,50600.007432515864,50269.74172886694,50267.03390839965,50206.33344024048,50165.45011995367,49776.72687002601,50495.735079492544,50470.239876116844,50288.59162589039,50171.15149735118,50435.59788893061,50731.4435764134,50685.88164798124,50251.44724817955
50036.702857271026,49955.964164039025,50093.08453373772,49991.51342605689,50237.0412054543,50233.695940837155,49947.48465492772,49723.10632250826,50162.295478480424,50503.151334094575,50435.55502036624,49923.629844186136,50012.27481767014,50002.25453975699,50022.72876330708,49877.30609597834,50223.98899845515,50330.32072774796,49868.10930157711,49947.19417320834,50252.1034854785,50771.575756359656,50461.568363312006,50090.77814696745,50166.2388708476,50029.45104211901,50190.81099166421,50152.781993226126,50221.2319580313,50514.31704557756,50262.06163488996,50330.3136876101,50706.55261220694,51078.440947697076,50455.92773023975,50098.70334638082
49989.019577651125,50023.55099264167,50284.28134606079,49870.62148303476,49996.74817963444,50125.81290714565,50080.799071944675,49364.31093160531,50253.46139349041,50317.16606290255,50231.57219672593,49962.239099686645,50053.01812959273,50266.87908036438,50021.50371832036,49790.78852146542,50108.005494242054,50339.57135603224,50286.11814486412,50409.50014909783,50600.58539766262,50519.233743729725,50582.56603734421,50183.60674090687,50081.95008109477,50187.52043790862,50362.45469528254,49890.78811127664,50323.51831277571,50557.38009740154,50282.08622529813,50370.347404568856,50963.69421989487,50574.76666434491,50705.3416545384,50142.65519866986
50096.55046466401,49965.29008788615,50163.49577103788,49993.6875273994,50045.053624478016,50186.239413222465,50006.90159427613,50065.81425144325,50280.25191908162,50326.43502231112,50198.22963471523,49970.19985532796,50155.59163411301,50268.69377901212,50333.37314571129,49900.57725397621,50036.665134620074,50569.07162243109,50041.8385612104,50290.0346441677,50490.19011129232,50556.44927174736,50372.846580853045,50176.589425891936,50318.732387887685,50160.051962660924,50277.55794771926,50057.26323464464,49909.82685442568,50538.173343397735,50558.55558226316,50372.05627268758,50512.3500823483,50590.45958193972,50536.026911292654,49988.619992948064
50046.19125436856,49997.16098368079,50145.85570140298,49878.75347528085,50100.52040879091,50234.63635168967,50055.46452700748,49787.78260476541,49894.730626267235,50264.66415972209,50353.17868204542,50031.980031803614,50169.3962523494,50287.94492771369,50614.56356661347,49806.2921805178,49959.23400309768,50340.99736989673,50240.64698363162,50014.99356376984,50391.22811551722,50517.40425901435,50448.070238044595,50215.34314210159,50388.39286905093,50348.692566764716,50277.46655197374,49879.11557981763,50208.30610767186,50745.08084388073,50290.50642806117,50309.67676056645,50724.28375048438,50894.16577372105,50568.16951450089,50036.04294413727
49981.87784473304,50090.79767710068,50177.441798606385,49717.66441278272,49689.800164463355,50379.205530960986,50298.70272020804,49905.19795251414,49857.8042573789,50383.09300067025,50220.82752606678,49979.519138175776,50266.761316994554,50291.275950976495,50254.50499496619,49620.33397417694,50158.69098507884,50388.223256214165,50285.89414505458,50131.23150719623,50471.77443283645,50475.15972195238,50343.79248130969,50192.04952057816,50208.83321415667,50093.322289291704,50138.5612578943,49969.660925068965,50139.66172351955,50686.94621058614,50443.445327931295,50272.669001082184,50537.77419491804,50433.502175078895,50616.1290477302,50191.53901048123
50074.97058786387,49844.00057041077,50110.69967155837,49770.50375125731,50055.39755895674,50451.97734666319,49917.627776508234,49857.2940943548,50184.178750044935,50353.30557571032,50212.20858831158,50179.64760201166,50275.35610761443,50106.25561189886,50078.15353493114,49683.326048097675,50297.68847543322,50615.020328201834,50223.396397284574,50416.77742294519,50252.780977980394,50411.374699861335,50654.93232164777,50151.70922150629,50215.8728639833,50147.0052035078,50107.65806334761,49658.86646070604,50052.44253243842,50725.33825713487,50082.4580229867,50332.419366220805,50402.87092895306,50213.68630451916,50619.61296538573,50296.729318352656
49801.70206633184,50126.265267821196,50165.231375813644,49855.564501424,50129.807742457815,50304.30012940272,49991.16018859263,49895.80668196196,50123.20129276678,50314.532752898274,50235.43968159594,50134.72247517874,50246.869777181,50295.5158411529,50330.84480061576,49981.847216351336,50220.46318322633,50180.351924202885,50165.25071777441,50059.6922287131,50410.96440551514,50511.23392450316,50254.69649654907,50031.95035055303,50150.79071042376,50264.392568281066,50225.660954138344,49723.923809835534,50693.35181813732,50347.32293390369,50371.55644707617,50346.17074791277,50520.62699005452,50751.39860709477,50437.07844993525,50331.53024283054
49777.283591473235,50025.92777690956,50104.059159992845,49751.60432699185,49956.68644059349,50176.5217018619,49872.57119343095,49810.93546477806,50226.50398644655,50449.08638992527,50208.12623099173,50158.59865539217,50126.86962186408,50157.323507251676,50224.29888879753,49781.543796943704,50080.05112412088,50332.93894631254,50039.36568456791,49981.230174569864,50413.122765355496,50583.471508432885,50246.398905937334,50123.11003828165,50209.25904124041,50189.243095805745,50320.19987318942,49860.35982706183,50116.095942733285,50516.544972696625,50367.53331417006,50227.797743822564,50668.777320588655,50707.64356717099,50443.94759134458,50361.656241154276
49864.303789765,49996.52223541985,50104.01661406662,49733.13962591839,50114.14392488965,50473.751783749736,49983.64649249478,49881.814995359375,50122.968759936215,50209.17615950529,50191.45769011457,50121.84597383946,50250.22013264569,50047.32633931838,50317.573685225536,49766.072795124484,50133.749219853446,50264.11786693668,50195.33858495504,50228.97583364924,50354.748576791804,50557.50390535685,50723.54502580249,50333.912536827236,50327.92499966449,50230.68471213841,50331.62357552592,49942.93358889681,50122.53363734872,50650.7914362739,50829.619439629234,50277.551611025825,50655.94023005212,50775.75430557037,50410.121766332944,50334.50310451548
49920.86331077443,49997.50536799505,50247.41937389217,49805.35283826225,50164.67600114933,50125.25291752615,49938.81118673921,49728.04232861042,50073.00713955971,50509.98572924488,50201.95648823588,50104.991593988416,49906.412258225246,50054.02196441102,50542.886573869335,49761.503978483735,50031.61784890909,50383.5790212663,50109.19348549473,49829.577735184896,50447.604015232304,50738.3013064927,50507.37986329135,50118.362802422154,50041.92504200146,50038.53325515091,50343.75485815514,49928.078861483584,50114.183506608395,50310.50076286544,50399.229612240284,50354.279302864445,50695.07481762706,50774.933914526155,50542.60787941575,50046.80818037577
49842.82275863942,50007.72799227565,50098.80094881925,49810.346108406426,50080.95696410014,50293.009325108724,50049.378649135404,49851.60585037292,50077.076771849,50440.12523600457,50277.87101101728,50087.82115003155,50124.522893161986,49950.37885301076,50396.415356848665,49903.138252772005,50265.07263269004,50559.293197062696,50077.670945098114,49955.99073632146,50258.32372654865,50619.28737472525,50513.075216196834,50156.92701483616,50077.20134538204,50063.132639417556,50143.837330060676,50025.667590148754,50160.5808114104,50454.3892219643,50282.6623425616,50131.34663313908,50507.3325916407,50842.436255531895,50493.2020689607,50335.76281460416
49930.15424660845,49904.47168793703,49975.44852952832,49998.85833638518,50336.8777712005,50464.863591439214,50144.23529737608,49610.44589991553,49961.56697200987,50428.63785660657,50386.33217326825,49972.56527989669,50210.17610058052,50021.0609197026,50194.17365882819,49826.14493606829,50112.420483126465,50190.44878452599,50281.13845459315,49862.93163858213,50228.27552666635,50798.41616524153,50519.21719732909,50223.27143165533,50321.60901027445,50241.17785559515,50250.718241404924,49835.64074629936,50250.95933491523,50422.12695745969,50241.02309486079,50351.80101283514,50590.60962696944,50685.16232753389,50565.65707088591,50325.61335616671
49827.40677591126,49979.98556239771,50106.52628870796,49758.64195698731,50198.77621549816,50452.991336431354,50170.616362910885,49367.7035261057,50160.58482887613,50365.395839454504,50446.04241705883,50065.9016602724,50102.48058273733,49927.44694544429,50047.80107477547,49911.9238949992,50182.89647851445,50415.30437806812,50062.45781637134,49849.401063616766,50332.50676473419,50596.8906857636,50497.02337342815,50256.83699011597,50305.63461155147,50155.97038852961,50214.11708064408,49927.62018989724,50222.59587204487,50606.79059319123,50170.02145638669,50176.69760754185,50514.84210004915,50951.511350081535,50635.34381231443,50419.991550313774
49892.574619835774,49899.047129569546,50141.464994625305,50186.86591680943,50336.399578733995,50386.72036450471,49962.32551112931,49795.28779629186,50182.90178808211,50379.708915691466,50330.18973817505,50058.63475367044,50072.13379158383,50188.87122108002,50009.91022157411,49950.15948410785,50198.908411344564,50362.27600020681,49952.22431032787,49492.38282632286,50245.78730731794,50561.82299784141,50683.3590512487,50275.94163104063,50291.23933276766,50246.89632352595,50140.85970710273,49871.25957943208,50387.225777315725,50510.80981079978,50310.88540571402,50011.52346299073,50600.58685103552,50756.82069843087,50749.671295009575,50145.158412187855
49853.09950062938,50020.36590096013,49977.39967451636,49669.70924337121,50180.69073821882,50657.905756984204,50281.047081466495,49686.134107245525,50030.003997566564,50303.682086333,50261.24304636503,50137.172479820925,50179.02066723626,49972.18519110961,50225.949454236434,49648.841815879605,50315.46158334817,50235.78932786393,50185.172797429965,49737.98531635233,50337.208072722555,50613.12848657138,50701.036779304945,50201.965850375535,50278.039226290246,49987.34743932676,50026.768942678995,49794.362458730655,50292.49384453469,50488.79825313574,50364.559562422335,50260.720349182295,50567.94942300842,50607.69973297957,50639.6483509812,50134.846264398715
49851.79694645343,49835.149146437405,50202.15249484809,49674.47708577613,50059.61362114595,50363.938555401495,50083.51831187108,50016.2707087384,50043.45586071327,50268.61562611044,50194.150920041546,49841.791813169664,50166.46702314059,50065.588323881035,50167.46904785606,49988.041846638596,50221.63540885738,50458.376004019316,49982.947976917734,50084.2571489353,50402.83047797742,50677.92917579223,50406.298060721,49945.90523208357,50387.61362535448,50142.32477611129,50276.467421645575,49867.15178653358,50130.84167917572,50555.86428304466,50293.652661890206,50321.34090979779,50430.89959534388,50755.991103114524,50587.740755439685,50124.826032914774
50003.197239787085,50030.37951267778,49953.94652163236,49795.72533970955,50057.16907380391,50537.7665103684,49865.920295673524,49687.103481404134,50560.225501144894,50564.030621640675,50191.798888294084,49936.0926711898,49809.63691922229,50059.042475277914,50184.4134680125,49899.37989933058,50377.49882082879,50548.76349847865,49879.896362289066,49830.82685356111,50227.24797031667,50619.02123831543,50473.13890087723,50416.25307573797,50150.95176045711,49862.20016558637,50120.394079045866,50125.18931542294,50301.915155743176,50527.53463963405,50512.95008600012,50254.69322506342,50511.56488123943,51189.92117307363,50764.908367092554,50073.04681814169
49719.040393935764,50089.50619424984,50070.440434157186,49807.31284298976,49986.37224705237,50340.44964096423,50001.88427770825,49663.91776053553,50007.86573977029,50385.76306233377,50429.424566740534,49938.47400684895,49874.8852955606,50217.73233191609,50237.06931815697,49955.77616734919,50166.143658913235,50382.27164517534,49930.16383098877,49894.64106982744,50258.736167015966,50376.525079470055,50453.92992903715,50377.16861985873,50243.750123723,50088.031363271286,50041.26709438947,49935.22470510517,50363.92535810182,50686.96338554956,50231.915696238066,50163.4136193686,50633.490017388445,50932.49817981978,50644.890750663966,50418.29087077831
49691.91151136767,49941.498512046375,50061.7868032821,49955.68381332644,50260.40498399805,50239.12193533473,49979.42665799612,49768.41298095088,50116.48708710566,50289.7738021225,50405.36270895529,50018.89355151126,50109.25864988128,49908.335086781815,50113.595119705926,49855.46562910491,50318.48881903095,50444.04294440274,50605.76239372978,49971.69788161619,50304.70375572196,50637.37355836659,50424.379177019655,50279.49165154005,50183.94494436642,50254.9374889054,50031.53539732139,49964.18166629001,50119.48755936197,50659.36201046733,50397.80096918864,50237.32840346436,50352.06115617612,50697.759835540775,50579.39865145324,50373.32428016716
49964.03493852871,49907.15531557822,50061.74209163564,49867.932353903154,50291.164644190445,50149.5742804825,49972.58005316578,50114.42848655603,50056.77511729699,50296.512929662815,50356.17814927373,50001.25286722745,49978.25802700467,50308.80746727034,50249.97767488808,49934.41138960023,50279.25245416215,50352.46160217715,50076.72468016469,50049.53156107507,49905.17365212764,50516.47123871929,50408.01614164975,50255.534967473555,50017.013427257516,50005.28976074637,50132.79888090647,50214.99281283044,50178.16403163443,50347.69673226784,50169.528758994515,50063.47580126274,50450.48993491712,50886.29064934514,50678.980768365436,49959.497410101554
49670.526413094216,49938.72629988175,50522.557903485824,49869.303777204004,50222.72223709846,50206.787515424054,50024.85806447798,49926.399467720985,50046.892454303685,50344.22517238765,50307.74744427291,49885.52599538017,49976.98679384261,50212.33889072252,50245.47408935807,49896.27314757652,50227.18622046126,50392.66983132927,50188.05842770256,50037.117184372335,50419.98510600467,50702.966498289614,50546.7631987167,50262.38280104043,50084.800186537854,50161.797461905735,50121.951761081786,50098.95583322129,50215.03673636084,50523.33522215591,50001.05141776141,50152.3425255763,50613.186829814265,50680.01888778129,50631.499264978964,50096.3431634152
50088.84763670267,50028.620115820435,49978.003372992665,49757.51529001585,50152.71533782645,50221.61582718093,49953.93739996625,49863.221119609705,50205.95311099983,50348.58932633928,50241.364208456755,50062.4416143426,50297.3736731982,49993.868932364654,50181.582683056076,49825.31905489574,49882.75182753796,50396.23937169587,50190.23577312982,50028.33301810135,50415.301802762384,50617.406560131196,50385.98434316525,50146.28030117596,50112.18428931146,49983.54593972278,50238.43478005308,49771.649672424195,50209.86343934728,50569.16844318938,50473.80252609277,50390.672017220524,50702.4025778267,50820.233717010684,50601.041471695564,50412.343116834876
49812.30541661084,49857.44566266924,50006.07537177316,49830.07260409895,50186.76368523583,50313.47218563093,49863.075400028436,49695.924625161344,49975.87113077673,50646.71282260137,50220.06518152913,49945.08467785864,50069.93430913304,49904.29140752193,50196.16605487527,49862.93457627796,50061.221623507074,50647.59652231823,50153.88588033003,49818.810798472994,50307.66545500363,50537.27470874347,50548.526728448654,50186.7621943365,50205.89400129141,50135.58043877019,50252.24408801859,50094.010475657546,50217.79633809868,50639.438651933575,50300.84854438512,50175.93619181978,50619.01734551064,50434.667483633224,50607.97571906098,50222.77173037866
49880.69420455631,50020.58399121982,49907.06440346925,49811.04315115933,50077.47541746042,50260.25083211481,50023.56243391584,49949.87284958892,50205.40125104444,50292.39193537777,50146.39859756931,50121.643380246045,50124.57913436901,50044.425642622344,50056.86467903655,49808.09887345495,50209.07440235311,50320.20928574328,50274.71709834901,50024.297725049015,50316.133863856056,50510.5922142656,50504.488447819145,50227.334784661194,50251.42509684709,50086.21267665545,50066.74664834875,49569.77500295735,50037.2933219849,50667.24853353278,50189.15638042919,50381.82093028846,50648.06243427314,50753.4224568453,50526.827335430535,50134.48544927853
49924.62232432249,49827.43720285999,50143.24286524618,49721.618893665844,50056.104610425275,50222.53869464552,49841.297971728556,49891.955760591416,50270.41776344563,50425.11358794134,50061.02187939685,50039.90066523389,50228.28473435743,50097.23160377331,50886.947854267135,49757.09997688954,50077.35941493971,50440.53093438624,50222.88458304006,49976.4208315191,50203.60021502853,50714.02653526595,50499.50669409598,50295.08225019463,50627.508942327666,50074.526916501614,50333.52920152659,49847.55662600737,50163.63114699439,50277.51656022775,50195.021806432174,50265.09329962968,50775.063836516296,50802.73671997161,50602.02380809208,50107.37724335372
49988.9838475482,50000.5609117268,49705.13183787299,49694.68911462526,50102.57062450919,50273.495899038295,49926.04850223344,49943.748439196315,50254.030210747704,50270.57946284827,50105.86201117057,50136.713092073216,50215.71728018739,50047.27828994608,50121.25619682322,49835.38231193943,50132.74753454636,50451.13303550833,49969.731477046116,50029.914735128696,50409.88298316015,50421.75124813172,50355.86549171302,50164.06547856341,50369.27309767969,50225.05341833105,50241.442515865056,49795.12625942829,50168.383265230936,50583.142816897765,50375.27089792793,50341.077967429745,50586.76450443295,50711.94971594726,50449.418605489656,50374.74682415533
50193.44241963823,49840.65717587844,49983.446662541304,49777.31786778959,50141.00285438568,50454.383661876775,49766.73485008156,49947.80876235614,50362.774276334756,50353.17953039191,50184.03869738839,49905.83684718967,49710.45647910892,50109.75154604675,50225.04438152903,49766.96047447395,50153.52106442698,50284.477077723415,49795.13640853218,50035.542489914646,50441.26053180128,50477.27217655686,50382.35744426988,50140.9572726071,50153.58956587334,50144.37333339812,50378.65725872098,49428.84192055876,50210.70508506844,50438.25405288037,50370.74103092792,50325.92011317699,50629.06114842546,50786.520057832044,50660.661251815305,50180.34700798521
49982.217659720875,50333.13127763881,50203.304249326626,49940.62114739481,50289.94647165019,50431.10108737495,50177.69605174797,49942.676319925056,50144.95199461701,50197.18187809282,50019.072814568375,50123.80092438644,50126.34581177927,50121.6092100459,49935.898486214726,49880.45159554378,50236.14958598068,50365.545629225315,50009.84202628536,50035.694668228854,50400.060857488534,50510.148421552156,50480.50000773794,50022.73581373037,50277.105477734076,50166.31689590642,50253.7683585545,49874.5430720168,50359.738970092105,50372.73824031478,50231.84937602815,50334.34488553617,50541.929411846206,50708.50175870694,50446.41001876154,50268.76802874411
49894.14899456383,49853.0045773537,50099.73465061792,49827.19087952926,50174.33670265918,50272.0441328037,49967.127184345736,49742.94389469815,50258.44015393615,50544.23516778805,50083.47089656453,49756.75488166018,49975.70269496004,50146.70358574214,50305.25972985847,50086.606341956794,50190.17198307691,50245.628868922795,50101.680633154596,49993.545499329935,50427.8546030853,50611.70313132997,50537.352078358956,50262.27543993321,50255.16834307592,49986.23611541974,50263.207225487226,49608.08538822377,50239.71647325416,50482.86642221441,50213.96818341844,50116.790516320274,50673.674789867844,50790.205432743795,50636.205141473976,50154.36348960094
49928.080611855454,49948.30186481168,50100.28751090112,49828.86654275765,50220.455277007764,50203.804356824265,49881.128763557404,49647.38657899278,50088.12422934381,50110.273913131896,50096.61262733325,50062.260337456966,49935.07466276918,49853.462453663305,50106.78823227654,49822.6167243866,50119.486843534934,50341.25088071097,50023.622074986226,49842.39246309072,50440.470462301724,50663.83945460088,50975.924452877385,50143.728893085754,50097.25443256287,50212.98309774187,50304.844459999775,50036.351989436575,50349.46347505896,50573.063020794885,50179.00207972089,50306.02095192815,50453.42304343742,50226.18549745852,50656.68211367542,50154.6362062516
49876.56059376885,49854.04967818987,50059.661567874915,49816.42742228685,50178.08077471974,50436.08886719819,50047.94018901618,49883.315814715585,50232.22420793039,50390.640554610145,50223.77870825961,49587.50783092287,50025.95490932216,50044.01766856063,50133.677465997236,49968.011937936855,50079.79054487095,50423.56282720475,50050.43563270851,50144.77082513767,50576.53444088162,50688.95671160906,50407.38849442512,50099.90411547923,50172.550809237146,50152.870890350125,50127.059162060745,49871.559075878744,50249.17941125678,50380.226805263104,50418.126333200555,50326.87965746576,50677.72304730133,50733.69724903503,50591.19420680417,50248.33756636609
49922.628097518886,49908.372153189,50142.50238672107,49840.09508665682,50052.43986478578,50277.93471954807,49957.21100810287,49996.78005294049,50093.996891541465,50325.17471421404,50200.35775469271,49796.83684677074,50076.02340935251,50008.275587607,50178.18131205781,49835.60875705169,50029.82346028411,50294.95196262913,50023.58819864032,50074.86642242751,50436.68648628649,50549.881277875254,50401.997910698876,50341.18808060235,50035.468386203116,50218.44103828739,50277.29649330135,49794.35793815806,49988.018382405884,50597.67796377451,50206.264346007454,50171.91372290242,50656.109540795864,50861.44104176788,50681.84123942803,50261.88180774965
49714.49849857349,50083.549557048034,50193.61024704835,49717.84659722627,49990.38402872713,50291.30716740097,50478.32865928599,49659.329848072804,50200.28323066009,50309.94327577891,50366.45429842078,49960.84741638602,50072.40635887698,50122.869088118234,50287.14500914927,49861.65626103072,50079.68686857178,50316.41962323676,50226.53587722072,50208.238141119575,50338.574010972356,50694.97888906547,50240.3135394549,50195.946127726056,50165.0331517523,50197.79228334867,50184.86277529899,49732.748877699916,50542.50938865364,50584.7148889719,49823.23461869186,50221.77514253829,50801.93241054546,50989.84902578554,50590.58119837547,50374.62314166173
49897.30188721042,49849.10843978569,50467.4993263372,49973.88657259046,50023.92994144722,50295.32508214791,49882.12629507364,49873.558374673834,50052.51430986284,50212.881423169936,50147.45777319561,50050.684367304566,50228.52911183773,50306.37969991154,50275.38815088549,49488.24337905482,50043.765582056745,50324.624033243446,50202.60993668637,50103.86858942763,50349.28536858353,50515.92596095137,50402.5358366567,50359.435972516745,50275.12872478051,50228.37159821461,50008.270491979376,49883.912615302084,50018.78943272753,50474.00287625103,50452.32044139731,50310.99128374873,50580.45317811307,50695.35775937804,50604.19091298029,50323.114428603454
49769.95427117875,49725.83576591475,50062.675212735245,49884.299223246555,50120.24778942643,50393.79987313777,50110.889324360454,49758.157656737116,50174.03450515017,50359.5771620069,50331.249894608525,49865.0521460289,49934.419234794244,49971.88053407886,50205.566629772045,49758.37895601439,50173.10525872126,50563.878106613156,50627.163893995,49792.23025171634,50619.82239980745,50538.1766137969,50575.718307075804,50033.16721310476,50069.499393379454,50055.60048067316,50100.49478431034,49966.77400118286,50296.202503774,50529.35129912347,50143.44061275298,50217.65855413992,50456.058315335984,50761.31924578532,50740.2063833771,50304.76666057839
49963.75910035092,49994.581444854935,50301.193387707404,49627.55274053996,50036.545734855295,50253.354095635645,49940.79535791673,50005.7789328422,50290.991566409546,50344.394613205004,50172.38312841358,49936.17622828189,50222.1942441816,50076.3841969509,50045.98274504784,49902.379013619415,50054.253548314184,50174.2578252256,50157.02190693108,50148.195414981135,50424.26363736498,50521.66757455885,50507.370724354056,50300.54309494547,50211.83482854335,50258.51603873145,50233.81659837492,49734.01952638483,50198.6422339803,50343.52081549701,50199.11153070355,50297.87566470879,50733.47780101056,50860.356622097774,50526.148545396965,50063.104700943506
49824.86391259846,49741.80077105525,50202.913898019935,49904.53556776749,50258.38616893208,50413.0623691076,50100.34760290977,49736.15064698881,50142.59291603254,50410.67676797141,50299.709026617726,50295.08952157006,50221.32032469699,50126.35580924663,50079.709112292614,49920.05929594987,50166.44635257011,50349.795848761,50158.637037531895,49768.65092539735,50282.30826860914,50668.54058226283,50495.583967083236,50348.67180927542,50362.01636192341,50197.85902436416,49825.8706950338,50009.012479595134,50340.60553152973,50490.13425397906,50320.69758751143,50106.902649927855,50255.640658570184,50715.607419872766,50820.56323251047,50177.63627821596
49811.49526214183,50074.282680267075,50102.42651761518,49929.36737289085,50176.914541352206,50179.43605464031,49959.74925091201,49831.18763181477,49984.94480296313,50436.37414727921,50216.63327815193,49864.17406059861,49949.960794237544,50063.17013095979,50181.70846523911,50018.873413740796,50052.77839514255,50251.19959185139,50082.081058219526,49973.55618885079,50309.53867937946,50669.45078196048,50353.245218271266,49981.48545367392,50114.940888195306,50041.59353857693,50454.978366050476,50143.669407826535,50125.87370386368,50197.00018248001,50361.105154686,50479.71626619238,50620.79021532583,50859.29720898154,50113.12776905803,50338.673909460915
50033.99414126963,50156.061082288245,50125.081374764304,49851.84064371515,50032.812879276156,50301.24895862745,50496.01100427243,49814.43982931863,50132.57859202053,50249.958329004294,50227.908208821085,49823.59146965858,50229.8537929136,50086.80829105324,50314.40611112631,49932.392081306425,50048.85369681801,50233.52034386134,50111.14774608549,50105.94515515907,50306.51679493897,50568.88633999307,50517.00385588286,50027.45506453075,50118.34330935012,50220.77477809369,50272.96200135549,49887.028976599584,50066.18081474268,50404.980376918225,50228.91233497034,50316.681113740786,50667.45112461724,50815.85025861744,50517.94834229194,50142.581078890755
49923.7305924543,49890.03704518713,50156.24058800384,49874.317442944935,50013.6277008484,50173.59360278463,49981.79780446133,49573.77279878695,50188.700581277386,50295.671191682,50223.79787664955,49984.42802933166,50099.46274710751,50021.24783950427,50335.09325970373,50036.38158681621,50089.38699583433,50273.00387864583,50136.61843108162,49671.951050679716,50296.268720669854,50432.5973758288,50464.39465830327,50042.4223012691,50214.918544836415,49971.648460822726,50283.25018077521,50125.15199380472,50251.58272973867,50594.13734178544,50650.76236152795,50246.58850893164,50497.325071824715,50912.0751466524,50563.22994349469,50334.51996597825
49858.62205921192,49893.47908215347,49976.61525204618,49741.613470254226,50203.78565363045,50242.0661805737,50079.57547054488,49772.15446994346,49915.11835173275,50442.50738842101,50529.84474848463,50215.875135482296,50189.825134987834,50152.786121865225,50049.04046151635,49868.430819681525,50262.36749537878,50479.700179142244,50105.996914070565,49952.358340990715,50313.252581861234,50577.19371916869,50375.16287023653,50104.5717835478,50254.94906000845,50016.45039509418,50149.52780488571,49887.26287916555,50229.8454211243,50506.43561147672,50412.31448543817,50175.505425533855,50431.90358837851,50734.07134918782,50636.35690987736,50274.76450926966
49893.8036364041,49727.5806806842,50032.20208974203,49847.23219959788,50238.792765637394,50210.17417441612,50145.70802846118,49662.334119771775,50013.62828600438,50385.1193158123,50070.89519154901,49948.09698835274,49496.32835732017,49881.978542070836,50278.53106253128,49869.422793193895,50195.05155638129,50361.79827331889,50070.41304989353,49987.704249174974,50187.152857046,50684.57173383059,50436.083499870954,50267.5271756411,50163.498499643996,50035.60650245648,50277.00348402605,50053.58699520904,50239.508577057786,50589.48801421534,50302.16626976923,50211.18006125416,50697.09741363306,50844.05135341128,50561.23415805484,50236.47401259066
49855.88097206666,49946.11974391699,50198.95443303269,49917.48900865172,50136.516013855726,50325.84139507668,50044.04364997462,49928.719697774926,50204.04240796758,50477.62153775411,50211.61090735478,49838.64411976682,50125.11219600509,50120.856632323994,50220.00670602353,49792.55231083226,50218.43767790902,50178.324250812824,50113.588482523955,49890.469990869955,50315.71060219719,50576.59896012497,50714.79082711769,50134.238634807814,50215.440150765105,50395.28563241388,50106.20398734014,50087.06750939699,50384.36251510711,50557.43527982291,50199.93632528439,50135.87998236765,50643.5389998062,50616.1859313855,50591.08468550182,50246.37473295577
50153.13282426163,49945.51923691948,50036.68133387245,49951.923881074945,50245.8188015829,50275.75050721039,50111.49953020125,49724.29399449776,50019.809231431194,50289.87776327462,50292.5402737082,49990.421288065314,50289.15825080475,50172.33446787269,50010.31472580097,49780.04865079943,50013.21564877435,50439.43287770851,50226.98393983033,49968.829574249045,50287.03909428211,50487.47767280178,50382.31941429582,50273.857412297286,50136.42081878322,50167.008191161694,50209.69031503732,49786.609333702094,50023.32154099742,50551.13740028235,50604.16338215631,50441.43950995977,50500.02258817158,50692.05726915754,50536.72341404282,50250.439900492536
49986.2351084091,49767.60982209322,50231.59865295587,49994.59305566795,50257.095515298955,50297.56096864583,49917.380077277405,49606.29260096239,49940.94878481101,50580.17605640359,50328.4515826457,49875.560825368426,50082.15806210921,50160.56604126912,50076.32086565632,49857.62487519221,50224.662591087,50472.32816079605,49992.77596744227,49939.95304822497,50401.873715247406,50456.286063000596,50542.46287465864,50195.81355621332,50204.91002905168,50232.73092544393,50162.02980499414,49780.164755489604,50153.59292325288,50500.415132313574,50208.90166572661,49983.00000838544,50526.182198472234,50723.492693350716,50522.74856772319,50173.71293487441
49887.58102678811,49713.271046584654,49863.3911246042,49859.033763573476,50117.838822916085,50527.86671201865,50028.887202558726,49800.481933543335,49938.43570279903,50434.80046876447,49968.13772136588,50041.642948016066,50164.53668096199,50085.56192477211,50094.146838083216,49907.5132682805,50143.69905747513,50413.30205981593,50228.65071981604,50049.16362979232,50278.74898053676,50709.2293748443,50474.68396244809,50161.88011245023,50340.678495836,50188.20100076179,50208.430446594684,49892.311218977426,50490.99504951122,50652.648933821496,50587.88244897751,50418.41789812943,50608.6733122048,50733.69624938849,50106.01728008434,50219.060031305526
49834.67651140704,49925.34956120363,50067.71162087229,49948.044553451975,50038.97579763672,50305.090092114944,49978.791548932815,49877.27410953739,50056.23762190744,50411.24062091213,50265.16367506734,49946.293014489376,49914.81391289889,50163.709020717666,50124.97820022265,50119.942766172295,50272.72383489154,50290.41225799732,50115.277996157216,49903.583740161135,50260.716702211925,50575.73176123996,50584.36480951289,50334.17834572615,50156.66364431861,49991.330380075764,50137.478250559216,49909.180648573616,50291.29251312198,50598.988862681515,50413.11271789257,50292.484115886335,50528.144450540494,50729.25791941196,50687.345275700914,50442.85428761066
49949.315914883715,50046.48104683449,50268.864996043136,49854.3200895525,50063.5244692054,50303.042406503744,49938.162421585504,49844.5062679488,49971.655680973476,50551.88021116707,50360.70441085674,50057.54006819358,50116.54010883464,50161.20976137929,50325.235286555,49918.33297664243,50151.2434849749,50555.63441347523,50221.833709855586,49935.23292672264,50350.87501981349,50418.521161590485,50618.884872231036,50281.425958355045,50326.06160026218,50017.424189369536,50352.97206194087,49897.93041295708,50353.24613141668,50363.45246198353,50325.47844831134,50425.517689638415,50578.76990514097,50712.16346838939,50558.892723057135,50173.653835546924
49968.55192192277,49943.92303332598,50211.91699330479,49843.12667565738,49934.40677888748,50092.509947366,50055.07695888934,49765.483066443805,50228.256447190404,50533.13019418569,50160.00803567999,49873.54621277328,50250.05917891734,50197.42418103478,50152.965833239636,49976.359153079364,50352.03528871929,50177.73663956505,49988.719303805556,50079.71376165224,50300.122178513186,50672.59783404966,49939.450119586676,50091.335495267616,50208.97226830514,50094.42547523368,50306.14804728975,49926.20554216941,50315.100468827935,50546.80014093225,50234.966484671764,50363.198748364746,50677.149980887065,50855.90585012249,50601.46454263086,50248.301019133665
49936.52022209941,50188.373378640565,49943.8859080264,49670.71448528165,50004.99675783291,50398.58692144433,50085.054757321224,49757.23175469225,50072.17444728839,50119.23863793994,50263.31848916154,50053.86995372182,50177.01677563816,50062.171143723266,50095.5124752363,49967.324227130644,50067.46476390064,50222.33525436878,50241.9772346146,50030.48295112355,50410.12378441722,50877.87980672228,50502.862024295835,50133.623076715405,50324.440766051695,50056.09516423675,50193.60667190796,49964.153964875106,50004.7686721768,50661.29999616743,50390.80298530815,50070.531016262736,50525.90767280706,50628.33103348097,50700.9941980299,50027.186923556794
49959.55044912071,49977.59534759292,50189.52876285662,49925.09696407206,50102.50909791492,50186.545366692546,50096.10303447918,49733.65173677926,50091.82245831094,50426.20627499828,50224.753381919036,49751.980210627036,50101.952580360026,49857.69912075925,50263.015601015635,49944.371447810925,50125.037702461406,50329.97354538796,49990.276091236046,49774.17554627574,50287.557980219455,50662.27254158234,50677.13626428274,50153.032872722186,50124.89933683315,50277.731937594675,50084.492007324814,49984.63637010785,50358.10699756833,50368.70738819997,50194.37119817289,50165.6029887223,50633.61436751147,50819.23290160423,50662.13042065952,50454.35238076066
49819.05192056281,50041.654578030946,50149.7974059852,49764.50274537371,50051.400914745805,50496.4334876264,49665.61750368539,49940.59802680145,50220.71601639198,50218.36972738858,50449.80362744084,50155.1446513505,50198.864909863725,50338.96534783242,50177.154008303434,49964.396002502755,50027.13015432824,50443.10136775481,50186.061403398126,50045.12297601951,50333.49719622402,50515.4595301156,50386.08280359402,50258.444964517636,50378.46229893641,50161.60681391335,50195.447915841054,49784.04569778166,50221.564926621315,50450.97695733819,50769.37435292484,50326.032010143135,50538.77588622116,50913.03208596993,50553.403871773895,50149.187389785
49973.002978009106,49733.831453533494,50089.910983432324,49894.732124860646,50207.35950639928,50564.50033437179,49853.13866159997,49614.214764066666,50153.2834772583,50502.99249845559,50405.079333487134,50057.575740825596,50245.357135164784,50115.021520992465,50046.51598068096,50047.76661477934,50344.186558678535,50127.563252323656,50010.747864634526,49964.278108389684,50167.40122924785,50819.701313248734,50548.91983108341,50104.46207739086,50262.811005441865,50025.4612053623,50038.04921826766,49944.348164181116,50424.01199161723,50916.19173444613,50222.66615433257,50743.21692001447,50407.38203181192,50886.88576487529,50533.346682610354,50439.35641911715
49855.875584823414,49819.44245109836,50195.32565148849,50002.32520553923,50117.89824522439,50114.896327973,50172.27507893504,49843.78287167425,50102.58321579595,50254.00405354945,50235.91731597634,49879.77893915636,50144.00898919714,50205.65237176006,50175.86234591298,49759.02518570593,50244.1852305686,50369.07131539325,50111.01447772074,50051.098685690486,50469.356804813186,50546.40863627706,50520.29646417114,50266.18620493027,50311.79334778854,50140.241629539705,50393.63030094326,50095.272733125246,50157.381411752816,50529.379561668065,50333.94578249266,50237.615402659234,50570.59593111405,50924.61973081838,50635.45775569089,50163.67959207846
50014.0361644095,49868.27865604504,50218.217524161104,50018.58344079976,50176.06738574689,50349.22038520058,50074.06336389254,49818.75723927028,50357.196665086056,50329.15921928223,50272.27708646928,49851.96314108704,50125.43894339138,50128.73750803191,50267.08501123711,49918.54578441738,50171.15434869114,50294.987401573744,49983.29803698286,49795.42169207153,50178.434392415315,50527.00018907158,50596.36911263339,50267.26286523772,50223.83950494458,49992.8380326599,50063.366148813984,49996.19267469979,50323.13686565793,50432.60636906837,50231.26182358316,50206.11647344215,50687.469950195045,50752.33204257604,50715.600801673674,49953.80013788769
49828.8438207072,49778.348253393495,49971.77584129847,49542.47092975472,50069.76581233006,50350.307808898,50146.88094876045,49923.231243964576,50016.804921268376,50364.39241635613,50005.004122067425,49973.15711271658,50351.03805085275,50053.182527098805,50035.91632318094,50019.92610309841,50359.92991449072,50722.529352743484,50241.837335670585,50003.02668043642,50315.40997599756,50710.89432038375,50503.7036957818,50284.86033679516,50361.846049548156,50159.444778022,50324.41014693302,49910.17064031923,50233.89540857622,50644.074901544955,50396.971090494764,50127.40651570167,50445.35504417496,50651.4357645609,50577.16353798789,50221.69828150532
49965.011348865955,49813.63001795992,50030.800876988294,49673.21934838547,50096.89043502089,50306.816204309354,50040.06638522158,49852.59598772512,50044.52654245751,50521.61881572025,50442.98135261,50189.380251679526,50058.46900510914,50035.863008098895,50194.9411349265,49805.76080758624,50236.03324890065,50419.170651486136,50234.47468485932,49893.138346643194,50297.222105549044,50482.44993945491,50488.55040296456,50415.238546305074,50245.42190534401,50073.32051103118,50382.82662082765,49907.901552695366,50261.25896664033,50570.47697595868,50398.92142231381,50217.32656489787,50574.21836549859,50620.11311039817,50768.76095460604,50259.28145054611
50048.98010508875,49894.1474873404,50017.63431142588,49842.01993732337,50277.584656843545,50342.32606964332,50186.9684004638,49865.09285061032,50170.522747722236,50160.80565540496,50392.97308101068,49990.92202757776,50194.64085436519,50151.315758632154,50150.91817696156,49890.73280477507,50189.08175515234,50280.81165285605,49908.876841235375,49955.83982268925,50018.37547849503,50591.020391319886,50512.03488629596,50163.54119286763,50165.12161846668,50132.85362556139,50154.57108191204,49882.92095985009,50168.47479245137,50435.440822811994,50313.631416234675,50165.86911480889,50525.95957227001,50624.086180353675,50711.09793932671,50157.47143261133
49914.65596824263,49792.6313195533,50044.425160738014,49636.52974770939,50146.97731916405,50377.0238756973,50050.400862120805,49947.7253283017,50112.38591815318,50313.66329888397,50348.529853061744,50159.3380746757,50181.09879531536,50128.96332165396,50113.70600276999,49878.66563694264,50110.20533215533,50928.34501686268,50112.64186061316,50006.996798828724,50224.58250201273,50588.13478312449,50581.38280154148,50238.86911753103,50219.83495386418,50045.7432087932,50024.92319075165,49918.405430597966,50163.219254412455,50614.01284506423,50357.48875988344,50050.405696822345,50584.22999907708,50659.92183198019,50488.72036759938,50197.29171829855
49982.59668232298,49974.18694460866,50239.073119372195,50016.51932690584,49769.378322730896,50445.49995079113,50053.90891369765,49913.64249057975,50167.717673260384,50185.780794632075,50211.509450109465,50122.729892579446,50082.689085314036,50166.16746554986,50322.38634731502,49905.06004236302,50114.52544934919,50363.85243143805,50192.11696389921,50092.72774269036,50444.973685622346,51046.79397744532,50721.043030565044,50287.23691092072,50259.820301080814,50352.35300829003,50214.27688092128,49926.81158692826,49991.94358641195,50638.35389748129,50330.41059146954,50208.63235914747,50541.93473461983,50781.10788447828,50418.84900919224,50096.62897430094
49687.68665184144,49856.83797296444,49924.739031363635,49679.21490253819,49966.72229415395,50363.468887038034,50035.19865317126,49750.43530495331,50044.91039040292,50084.74145216239,50104.374441948115,50138.27398174542,50415.3224991332,50208.62853833151,50056.89437767964,49819.12329709459,50175.71961232258,50327.49908901405,50359.22111174775,49917.2761738669,50335.01588970499,50667.954769593765,50388.996163432035,50124.031788124026,50256.18228451924,50010.5675645836,50191.56683676393,49562.33734183915,50409.030263575,50627.74260486204,50572.60942449753,50310.51782513706,50382.54065534915,50435.905281061714,50838.12642696155,50282.13965565689
50339.321120289045,49848.16101465174,50013.41770174536,49994.349238673116,50156.749541046105,50185.07569737631,49905.794422687555,49853.39903885925,50130.859538545046,50290.28071918057,50305.32467616853,49829.61839287806,50207.25741814862,50041.08427557857,50213.34418526953,49866.104450915314,50148.46075220978,50335.8671486315,50091.3138655994,50024.34741183064,50393.814811558026,50586.496674409005,50533.33943273783,50210.520784961554,50135.57879030284,50029.38801401199,50153.451895359176,49876.6067097381,50355.18182029108,50381.9226747982,50227.956509468604,50191.368339027744,50488.731067298664,50856.17194537588,50555.4202598016,50298.42492359342
